"","id","location","alleles"
"1",1,0.121502,"[A/G]"
"2",2,0.125343,"[A/C]"
"3",3,0.141837,"[A/G]"
"4",4,0.16526,"[T/C]"
"5",5,0.195654,"[A/G]"
"6",6,0.225818,"[T/C]"
"7",7,0.261012,"[A/C]"
"8",8,0.291635,"[T/C]"
"9",9,0.327968,"[A/G]"
"10",10,0.443989,"[A/C]"
"11",11,0.498901,"[A/G]"
"12",12,0.527588,"[A/G]"
"13",13,0.545105,"[T/G]"
"14",14,0.585665,"[T/C]"
"15",15,0.630316,"[A/G]"
"16",16,0.676861,"[A/C]"
"17",17,0.697332,"[T/G]"
"18",18,0.737267,"[T/C]"
"19",19,0.821373,"[A/C]"
"20",20,0.938616,"[T/C]"
"21",21,0.969299,"[A/C]"
"22",22,0.988619,"[A/C]"
"23",23,1.096681,"[A/G]"
"24",24,1.163901,"[A/C]"
"25",25,1.274681,"[T/C]"
"26",26,1.351252,"[A/G]"
"27",27,1.390278,"[A/C]"
"28",28,1.465865,"[T/C]"
"29",29,1.543703,"[A/C]"
"30",30,1.56485,"[A/C]"
"31",31,1.588544,"[T/C]"
"32",32,1.705322,"[T/C]"
"33",33,1.748931,"[A/G]"
"34",34,1.893567,"[T/C]"
"35",35,2.287659,"[A/G]"
"36",36,2.389325,"[A/C]"
"37",37,2.559817,"[T/G]"
"38",38,2.592442,"[A/C]"
"39",39,2.631298,"[A/C]"
"40",40,2.677496,"[T/C]"
"41",41,2.795393,"[T/C]"
"42",42,2.82655,"[A/C]"
"43",43,2.918109,"[T/C]"
"44",44,2.956167,"[A/C]"
"45",45,2.994887,"[A/G]"
"46",46,3.123247,"[A/C]"
"47",47,3.145867,"[T/C]"
"48",48,3.211458,"[T/C]"
"49",49,3.279117,"[T/G]"
"50",50,3.297349,"[A/C]"
"51",51,3.347211,"[A/C]"
"52",52,3.368913,"[A/G]"
"53",53,3.386739,"[T/C]"
"54",54,3.414335,"[T/C]"
"55",55,3.459642,"[A/C]"
"56",56,3.667757,"[T/C]"
"57",57,3.717408,"[T/G]"
"58",58,3.943004,"[A/C]"
"59",59,4.181849,"[A/G]"
"60",60,4.216966,"[A/G]"
"61",61,4.245233,"[T/C]"
"62",62,4.343072,"[A/C]"
"63",63,4.414804,"[A/G]"
"64",64,4.584941,"[T/G]"
"65",65,4.604212,"[A/C]"
"66",66,4.683757,"[T/G]"
"67",67,4.752147,"[T/C]"
"68",68,4.775496,"[A/C]"
"69",69,4.794445,"[T/G]"
"70",70,4.815826,"[A/C]"
"71",71,4.845206,"[A/G]"
"72",72,5.111894,"[A/C]"
"73",73,5.266745,"[A/C]"
"74",74,5.31855,"[A/G]"
"75",75,5.35208,"[A/C]"
"76",76,5.404232,"[A/C]"
"77",77,5.441428,"[T/C]"
"78",78,5.462589,"[A/C]"
"79",79,5.494327,"[T/C]"
"80",80,5.579922,"[A/G]"
"81",81,5.633519,"[A/G]"
"82",82,5.668899,"[A/C]"
"83",83,5.691739,"[T/G]"
"84",84,5.709326,"[T/C]"
"85",85,5.736071,"[A/G]"
"86",86,5.77517,"[A/C]"
"87",87,5.791725,"[A/G]"
"88",88,5.809443,"[T/G]"
"89",89,5.826687,"[A/C]"
"90",90,5.856521,"[A/G]"
"91",91,5.873142,"[A/C]"
"92",92,5.894345,"[A/C]"
"93",93,5.916144,"[T/C]"
"94",94,5.934737,"[A/G]"
"95",95,6.070189,"[T/C]"
"96",96,6.370364,"[A/C]"
"97",97,6.448861,"[A/G]"
"98",98,6.756725,"[A/C]"
"99",99,6.904713,"[A/C]"
"100",100,6.966585,"[A/C]"
"101",101,7.02832,"[A/G]"
"102",102,7.126619,"[A/G]"
"103",103,7.174858,"[A/C]"
"104",104,7.340897,"[T/C]"
"105",105,7.364278,"[A/C]"
"106",106,7.397099,"[T/G]"
"107",107,7.575964,"[A/G]"
"108",108,7.614606,"[A/C]"
"109",109,7.741208,"[A/C]"
"110",110,7.967454,"[A/G]"
"111",111,8.056675,"[T/G]"
"112",112,8.536125,"[A/G]"
"113",113,8.62196,"[T/C]"
"114",114,9.034246,"[T/C]"
"115",115,9.337548,"[A/G]"
"116",116,9.98999,"[A/C]"
"117",117,11.629399,"[A/G]"
"118",118,11.986013,"[T/C]"
"119",119,12.389674,"[T/C]"
"120",120,13.030112,"[A/C]"
"121",121,14.58678,"[T/C]"
"122",122,15.028059,"[A/C]"
"123",123,15.374279,"[A/G]"
"124",124,16.692902,"[T/C]"
"125",125,17.128162,"[A/C]"
"126",126,18.581771,"[A/G]"
"127",127,19.808258,"[A/G]"
"128",128,20.619369,"[T/C]"
"129",129,20.947097,"[A/G]"
"130",130,21.683388,"[A/G]"
"131",131,22.14056,"[A/G]"
"132",132,25.236267,"[A/C]"
"133",133,25.616037,"[T/C]"
"134",134,27.594401,"[A/C]"
"135",135,28.317667,"[A/G]"
"136",136,28.69422,"[A/C]"
"137",137,30.094821,"[A/G]"
"138",138,30.949892,"[A/G]"
"139",139,32.503228,"[T/C]"
"140",140,34.01553,"[A/G]"
"141",141,34.808164,"[T/C]"
"142",142,35.268003,"[A/G]"
"143",143,35.684667,"[T/C]"
"144",144,36.004446,"[T/C]"
"145",145,36.146656,"[A/G]"
"146",146,36.176294,"[A/C]"
"147",147,36.217849,"[T/C]"
"148",148,36.374374,"[A/C]"
"149",149,36.536318,"[T/C]"
"150",150,37.332232,"[A/G]"
"151",151,37.358527,"[A/C]"
"152",152,37.421132,"[A/G]"
"153",153,37.586033,"[A/G]"
"154",154,37.610497,"[A/C]"
"155",155,37.630411,"[A/C]"
"156",156,37.669963,"[A/C]"
"157",157,37.774313,"[T/G]"
"158",158,37.839779,"[A/G]"
"159",159,37.888831,"[A/C]"
"160",160,37.907244,"[A/G]"
"161",161,37.953905,"[T/C]"
"162",162,37.981571,"[A/C]"
"163",163,38.027564,"[A/G]"
"164",164,38.055916,"[A/C]"
"165",165,38.072445,"[A/C]"
"166",166,38.162133,"[A/G]"
"167",167,38.200111,"[T/G]"
"168",168,38.224558,"[A/G]"
"169",169,38.276527,"[A/G]"
"170",170,38.386905,"[A/G]"
"171",171,38.459818,"[T/G]"
"172",172,38.526583,"[A/C]"
"173",173,38.610496,"[T/C]"
"174",174,38.640787,"[A/C]"
"175",175,39.164519,"[T/C]"
"176",176,39.184631,"[A/C]"
"177",177,39.263954,"[A/G]"
"178",178,39.295677,"[A/G]"
"179",179,39.362707,"[T/G]"
"180",180,39.635934,"[A/G]"
"181",181,40.076132,"[T/C]"
"182",182,40.180208,"[T/C]"
"183",183,40.371675,"[A/C]"
"184",184,40.392595,"[T/G]"
"185",185,40.427281,"[T/C]"
"186",186,40.528844,"[A/G]"
"187",187,40.588114,"[A/G]"
"188",188,40.626167,"[A/C]"
"189",189,40.665135,"[T/C]"
"190",190,40.703373,"[T/G]"
"191",191,40.756353,"[A/C]"
"192",192,40.776146,"[T/C]"
"193",193,40.817451,"[A/C]"
"194",194,40.83879,"[A/C]"
"195",195,40.903382,"[T/C]"
"196",196,40.999163,"[A/C]"
"197",197,41.263102,"[A/C]"
"198",198,41.418694,"[A/C]"
"199",199,41.438749,"[T/C]"
"200",200,41.612443,"[T/C]"
"201",201,41.795117,"[A/G]"
"202",202,41.990463,"[T/C]"
"203",203,42.166721,"[A/C]"
"204",204,42.415345,"[A/C]"
"205",205,42.577144,"[T/C]"
"206",206,42.87148,"[T/C]"
"207",207,42.897645,"[T/C]"
"208",208,42.918691,"[A/C]"
"209",209,42.942752,"[A/G]"
"210",210,43.106997,"[T/G]"
"211",211,43.124288,"[A/C]"
"212",212,43.221928,"[T/C]"
"213",213,43.277305,"[A/C]"
"214",214,43.588102,"[A/G]"
"215",215,43.63893,"[A/C]"
"216",216,44.107621,"[A/C]"
"217",217,44.163659,"[A/C]"
"218",218,44.19928,"[A/C]"
"219",219,44.21907,"[A/C]"
"220",220,44.240796,"[A/C]"
"221",221,44.257675,"[A/G]"
"222",222,44.2884,"[A/C]"
"223",223,44.305284,"[A/C]"
"224",224,44.335832,"[A/C]"
"225",225,44.382823,"[A/C]"
"226",226,44.406065,"[A/G]"
"227",227,44.459432,"[T/C]"
"228",228,44.483779,"[A/C]"
"229",229,44.603599,"[A/C]"
"230",230,44.630488,"[A/G]"
"231",231,44.655637,"[A/C]"
"232",232,44.684065,"[T/C]"
"233",233,44.755158,"[A/C]"
"234",234,44.775523,"[T/C]"
"235",235,44.793002,"[A/G]"
"236",236,44.831291,"[A/C]"
"237",237,44.871969,"[T/C]"
"238",238,44.959844,"[T/C]"
"239",239,45.035783,"[A/C]"
"240",240,45.066702,"[A/G]"
"241",241,45.158516,"[T/G]"
"242",242,45.219758,"[T/C]"
"243",243,45.280448,"[A/G]"
"244",244,45.424029,"[A/C]"
"245",245,45.443605,"[T/C]"
"246",246,45.475975,"[A/G]"
"247",247,45.49717,"[T/C]"
"248",248,45.518292,"[A/C]"
"249",249,45.549257,"[T/C]"
"250",250,45.625339,"[A/C]"
"251",251,45.656902,"[A/C]"
"252",252,45.707623,"[A/G]"
"253",253,45.729308,"[A/C]"
"254",254,45.746665,"[A/G]"
"255",255,45.76326,"[A/C]"
"256",256,45.780376,"[T/G]"
"257",257,45.824195,"[A/C]"
"258",258,45.867502,"[A/C]"
"259",259,45.904872,"[T/C]"
"260",260,46.057273,"[A/C]"
"261",261,46.099714,"[A/G]"
"262",262,46.167347,"[T/G]"
"263",263,46.185221,"[A/G]"
"264",264,46.224923,"[T/G]"
"265",265,46.336713,"[A/C]"
"266",266,46.361543,"[A/G]"
"267",267,46.409714,"[A/G]"
"268",268,46.428487,"[A/C]"
"269",269,46.447783,"[T/C]"
"270",270,46.61185,"[A/G]"
"271",271,46.667943,"[T/C]"
"272",272,46.775079,"[T/C]"
"273",273,46.809103,"[T/C]"
"274",274,46.834036,"[T/C]"
"275",275,46.89458,"[T/C]"
"276",276,47.091886,"[A/C]"
"277",277,47.109228,"[A/C]"
"278",278,47.186096,"[A/C]"
"279",279,47.256869,"[A/C]"
"280",280,47.278121,"[A/G]"
"281",281,47.303249,"[A/C]"
"282",282,47.394948,"[A/G]"
"283",283,47.470566,"[T/G]"
"284",284,47.489078,"[A/G]"
"285",285,47.512719,"[T/G]"
"286",286,47.670351,"[T/G]"
"287",287,47.694131,"[T/C]"
"288",288,47.730812,"[A/G]"
"289",289,47.78754,"[T/C]"
"290",290,47.81537,"[A/C]"
"291",291,47.876988,"[A/G]"
"292",292,47.897516,"[A/C]"
"293",293,47.919286,"[A/G]"
"294",294,47.936728,"[A/C]"
"295",295,47.963202,"[A/C]"
"296",296,48.009387,"[T/C]"
"297",297,48.053065,"[A/G]"
"298",298,48.085905,"[A/G]"
"299",299,48.106698,"[A/C]"
"300",300,48.241215,"[T/C]"
"301",301,48.266592,"[A/C]"
"302",302,48.297108,"[A/C]"
"303",303,48.326263,"[T/C]"
"304",304,48.38853,"[A/C]"
"305",305,48.475782,"[A/C]"
"306",306,48.513375,"[A/C]"
"307",307,48.574796,"[A/G]"
"308",308,48.606079,"[T/G]"
"309",309,48.697867,"[A/C]"
"310",310,48.726934,"[T/C]"
"311",311,48.78363,"[A/C]"
"312",312,48.880562,"[T/C]"
"313",313,48.909769,"[A/G]"
"314",314,48.930656,"[A/G]"
"315",315,48.951333,"[A/C]"
"316",316,49.162569,"[A/G]"
"317",317,49.229469,"[A/C]"
"318",318,49.261379,"[A/C]"
"319",319,49.339841,"[T/C]"
"320",320,49.441745,"[A/C]"
"321",321,49.509401,"[T/C]"
"322",322,49.54263,"[A/C]"
"323",323,49.56647,"[A/C]"
"324",324,49.582929,"[A/G]"
"325",325,49.616152,"[A/C]"
"326",326,49.639957,"[A/C]"
"327",327,49.656767,"[A/C]"
"328",328,49.725726,"[A/C]"
"329",329,49.749624,"[A/G]"
"330",330,49.829799,"[T/C]"
"331",331,49.858163,"[T/C]"
"332",332,49.888818,"[T/C]"
"333",333,49.911113,"[T/C]"
"334",334,50.050859,"[A/C]"
"335",335,50.076983,"[A/G]"
"336",336,50.117972,"[A/C]"
"337",337,50.150778,"[A/C]"
"338",338,50.200091,"[A/C]"
"339",339,50.227672,"[A/C]"
"340",340,50.264665,"[T/G]"
"341",341,50.331763,"[A/C]"
"342",342,50.36896,"[A/C]"
"343",343,50.417719,"[T/C]"
"344",344,50.664429,"[A/G]"
"345",345,50.741051,"[A/C]"
"346",346,50.758066,"[T/C]"
"347",347,50.8267,"[A/C]"
"348",348,50.880536,"[T/C]"
"349",349,50.927512,"[T/C]"
"350",350,50.948757,"[A/G]"
"351",351,51.010558,"[A/C]"
"352",352,51.027984,"[T/C]"
"353",353,51.062586,"[A/C]"
"354",354,51.167317,"[T/C]"
"355",355,51.327314,"[T/C]"
"356",356,51.380539,"[A/G]"
"357",357,51.399819,"[A/G]"
"358",358,51.417377,"[A/C]"
"359",359,1.01,"[A/C]"
"360",360,1.34,"[A/C]"
"361",361,1.73,"[A/G]"
"362",362,1.92,"[A/G]"
"363",363,2.2,"[A/G]"
"364",364,2.7,"[T/C]"
"365",365,2.81,"[T/C]"
"366",366,3.04,"[T/C]"
"367",367,3.05,"[A/C]"
"368",368,3.11,"[T/C]"
"369",369,3.15,"[A/C]"
"370",370,3.6,"[A/G]"
"371",371,3.62,"[T/C]"
"372",372,3.64,"[A/G]"
"373",373,3.77,"[T/C]"
"374",374,3.81,"[A/C]"
"375",375,4.41,"[A/C]"
"376",376,4.44,"[A/G]"
"377",377,4.49,"[A/C]"
"378",378,4.62,"[A/C]"
"379",379,4.74,"[A/C]"
"380",380,4.85,"[A/C]"
"381",381,5,"[A/C]"
"382",382,5.02,"[A/C]"
"383",383,5.022,"[A/C]"
"384",384,5.026,"[A/C]"
"385",385,5.07,"[A/C]"
"386",386,5.075,"[A/C]"
"387",387,5.22,"[A/C]"
"388",388,5.47,"[A/G]"
"389",389,5.69,"[A/C]"
"390",390,5.75,"[A/C]"
"391",391,5.78,"[A/C]"
"392",392,5.79,"[A/C]"
"393",393,5.81,"[A/C]"
"394",394,5.86,"[A/C]"
"395",395,5.97,"[A/C]"
"396",396,5.98,"[A/C]"
"397",397,6.08,"[T/G]"
"398",398,6.11,"[A/C]"
"399",399,6.16,"[A/C]"
"400",400,6.18,"[A/C]"
"401",401,6.23,"[A/C]"
"402",402,6.3,"[A/C]"
"403",403,6.31,"[A/C]"
"404",404,6.35,"[A/C]"
"405",405,6.47,"[A/C]"
"406",406,6.52,"[A/C]"
"407",407,6.77,"[A/C]"
"408",408,6.93,"[A/C]"
"409",409,7.17,"[A/C]"
"410",410,7.19,"[A/C]"
"411",411,7.22,"[A/C]"
"412",412,7.53,"[A/C]"
"413",413,7.6,"[A/C]"
"414",414,8,"[A/C]"
"415",415,8.1,"[A/C]"
"416",416,8.2,"[A/C]"
"417",417,8.23,"[A/C]"
"418",418,8.39,"[A/C]"
"419",419,8.41,"[A/C]"
"420",420,8.43,"[A/C]"
"421",421,8.44,"[A/C]"
"422",422,8.46,"[A/C]"
"423",423,8.47,"[A/C]"
"424",424,8.59,"[A/C]"
"425",425,8.6,"[A/C]"
"426",426,8.66,"[A/C]"
"427",427,8.75,"[A/C]"
"428",428,8.97,"[A/C]"
"429",429,8.99,"[T/C]"
"430",430,9.1,"[A/C]"
"431",431,9.33,"[A/C]"
"432",432,9.34,"[A/C]"
"433",433,9.44,"[A/C]"
"434",434,9.65,"[A/C]"
"435",435,9.76,"[A/C]"
"436",436,9.85,"[A/C]"
"437",437,9.94,"[A/C]"
"438",438,9.941,"[A/C]"
"439",439,10.01,"[A/C]"
"440",440,10.02,"[A/C]"
"441",441,10.021,"[A/C]"
"442",442,10.17,"[A/C]"
"443",443,10.26,"[A/C]"
"444",444,10.37,"[A/C]"
"445",445,10.44,"[A/C]"
"446",446,10.54,"[A/C]"
"447",447,10.63,"[A/C]"
"448",448,10.74,"[A/C]"
"449",449,10.84,"[A/C]"
"450",450,10.93,"[A/C]"
"451",451,10.96,"[A/C]"
"452",452,11.06,"[A/G]"
"453",453,11.14,"[A/C]"
"454",454,11.34,"[A/C]"
"455",455,11.41,"[A/C]"
"456",456,11.61,"[A/G]"
"457",457,11.71,"[A/C]"
"458",458,12.32,"[A/C]"
"459",459,12.42,"[A/C]"
"460",460,12.47,"[A/C]"
"461",461,12.51,"[A/C]"
"462",462,12.52,"[A/C]"
"463",463,12.53,"[A/C]"
"464",464,12.61,"[A/C]"
"465",465,12.62,"[A/C]"
"466",466,12.87,"[A/C]"
"467",467,12.94,"[A/C]"
"468",468,13.04,"[A/C]"
"469",469,13.32,"[A/C]"
"470",470,13.36,"[A/C]"
"471",471,13.66,"[A/C]"
"472",472,13.68,"[A/C]"
"473",473,13.79,"[A/C]"
"474",474,13.8,"[T/C]"
"475",475,13.81,"[A/C]"
"476",476,13.91,"[A/C]"
"477",477,13.98,"[A/C]"
"478",478,14.03,"[A/C]"
"479",479,14.14,"[A/C]"
"480",480,14.2,"[A/C]"
"481",481,14.48,"[A/G]"
"482",482,14.6,"[A/C]"
"483",483,14.63,"[A/C]"
"484",484,14.68,"[A/C]"
"485",485,14.69,"[A/C]"
"486",486,14.76,"[A/C]"
"487",487,14.79,"[A/C]"
"488",488,14.86,"[A/C]"
"489",489,14.96,"[A/C]"
"490",490,15.03,"[A/C]"
"491",491,15.4,"[A/C]"
"492",492,15.47,"[A/C]"
"493",493,15.52,"[A/C]"
"494",494,15.54,"[A/C]"
"495",495,15.56,"[A/C]"
"496",496,15.57,"[A/C]"
"497",497,15.67,"[A/C]"
"498",498,15.88,"[A/C]"
"499",499,15.92,"[A/C]"
"500",500,16,"[A/C]"
"501",501,16.02,"[A/C]"
"502",502,16.15,"[A/C]"
"503",503,16.21,"[A/C]"
"504",504,16.35,"[A/C]"
"505",505,16.65,"[A/C]"
"506",506,16.74,"[A/C]"
"507",507,16.82,"[A/C]"
"508",508,16.86,"[A/C]"
"509",509,16.87,"[A/C]"
"510",510,17.03,"[A/C]"
"511",511,17.3,"[A/G]"
"512",512,17.59,"[A/C]"
"513",513,17.63,"[A/C]"
"514",514,17.631,"[A/C]"
"515",515,17.87,"[A/C]"
"516",516,17.871,"[A/C]"
"517",517,17.92,"[A/C]"
"518",518,18.05,"[A/C]"
"519",519,18.11,"[A/C]"
"520",520,18.65,"[A/C]"
"521",521,18.73,"[A/C]"
"522",522,18.76,"[A/C]"
"523",523,18.79,"[A/C]"
"524",524,18.89,"[A/C]"
"525",525,18.96,"[A/C]"
"526",526,19.39,"[A/G]"
"527",527,19.93,"[A/C]"
"528",528,19.95,"[A/C]"
"529",529,20.03,"[A/C]"
"530",530,20.16,"[A/C]"
"531",531,20.161,"[A/C]"
"532",532,20.17,"[A/C]"
"533",533,20.2,"[A/C]"
"534",534,20.25,"[A/C]"
"535",535,20.3,"[A/C]"
"536",536,20.4,"[A/C]"
"537",537,20.51,"[A/C]"
"538",538,20.56,"[A/C]"
"539",539,20.72,"[A/C]"
"540",540,21,"[A/C]"
"541",541,21.23,"[A/C]"
"542",542,21.24,"[A/C]"
"543",543,21.32,"[A/C]"
"544",544,21.43,"[A/C]"
"545",545,21.46,"[A/C]"
"546",546,21.92,"[A/C]"
"547",547,21.99,"[A/C]"
"548",548,22.01,"[A/C]"
"549",549,22.08,"[A/C]"
"550",550,22.15,"[A/C]"
"551",551,22.67,"[A/C]"
"552",552,22.68,"[A/C]"
"553",553,22.98,"[A/C]"
"554",554,23.11,"[A/C]"
"555",555,23.13,"[A/C]"
"556",556,23.19,"[A/C]"
"557",557,23.24,"[A/C]"
"558",558,23.25,"[A/C]"
"559",559,23.32,"[A/C]"
"560",560,23.43,"[A/C]"
"561",561,23.46,"[A/C]"
"562",562,23.55,"[A/C]"
"563",563,23.86,"[A/C]"
"564",564,23.9,"[A/C]"
"565",565,23.98,"[A/C]"
"566",566,24.24,"[A/C]"
"567",567,24.37,"[A/C]"
"568",568,25.71,"[A/C]"
"569",569,25.87,"[A/C]"
"570",570,25.88,"[A/C]"
"571",571,25.96,"[A/C]"
"572",572,25.97,"[A/C]"
"573",573,26.19,"[A/C]"
"574",574,26.26,"[T/G]"
"575",575,26.95,"[A/C]"
"576",576,27.29,"[A/C]"
"577",577,27.36,"[A/C]"
"578",578,27.63,"[A/C]"
"579",579,27.64,"[A/C]"
"580",580,27.8,"[A/C]"
"581",581,27.801,"[A/C]"
"582",582,27.92,"[A/C]"
"583",583,27.97,"[A/C]"
"584",584,28.04,"[A/C]"
"585",585,28.14,"[A/C]"
"586",586,28.32,"[A/C]"
"587",587,28.49,"[A/C]"
"588",588,28.83,"[A/C]"
"589",589,29.18,"[A/C]"
"590",590,29.5,"[A/C]"
"591",591,29.53,"[T/C]"
"592",592,29.62,"[A/C]"
"593",593,29.78,"[A/C]"
"594",594,30.3,"[A/C]"
"595",595,30.32,"[A/C]"
"596",596,30.35,"[A/C]"
"597",597,30.42,"[A/C]"
"598",598,30.52,"[A/C]"
"599",599,30.74,"[A/C]"
"600",600,31,"[A/C]"
"601",601,31.24,"[A/C]"
"602",602,31.43,"[A/C]"
"603",603,31.52,"[A/C]"
"604",604,31.58,"[A/C]"
"605",605,32.21,"[A/C]"
"606",606,32.34,"[A/C]"
"607",607,32.36,"[A/C]"
"608",608,32.41,"[A/C]"
"609",609,32.45,"[A/C]"
"610",610,32.55,"[A/C]"
"611",611,32.81,"[A/C]"
"612",612,32.87,"[A/C]"
"613",613,33.08,"[A/C]"
"614",614,33.25,"[A/C]"
"615",615,33.44,"[A/C]"
"616",616,33.51,"[A/C]"
"617",617,33.69,"[A/C]"
"618",618,33.81,"[A/C]"
"619",619,34.21,"[A/C]"
"620",620,34.5,"[A/C]"
"621",621,35.12,"[A/C]"
"622",622,35.3,"[A/C]"
"623",623,35.43,"[A/C]"
"624",624,35.49,"[A/C]"
"625",625,35.77,"[A/C]"
"626",626,35.89,"[A/C]"
"627",627,35.98,"[A/C]"
"628",628,36.42,"[A/C]"
"629",629,36.53,"[A/C]"
"630",630,36.93,"[A/C]"
"631",631,36.95,"[A/C]"
"632",632,37.73,"[A/C]"
"633",633,37.78,"[A/C]"
"634",634,37.86,"[A/C]"
"635",635,37.96,"[A/C]"
"636",636,37.98,"[A/C]"
"637",637,38.01,"[A/C]"
"638",638,38.19,"[A/C]"
"639",639,38.23,"[A/C]"
"640",640,38.31,"[A/C]"
"641",641,39.06,"[A/C]"
"642",642,39.2,"[A/C]"
"643",643,39.25,"[A/C]"
"644",644,39.36,"[A/C]"
"645",645,39.49,"[A/C]"
"646",646,39.66,"[A/C]"
"647",647,40.1,"[A/C]"
"648",648,40.25,"[A/C]"
"649",649,40.29,"[A/C]"
"650",650,40.51,"[A/C]"
"651",651,40.71,"[A/C]"
"652",652,40.9,"[A/C]"
"653",653,41.28,"[A/C]"
"654",654,42.13,"[A/C]"
"655",655,42.46,"[A/C]"
"656",656,42.47,"[A/C]"
"657",657,42.6,"[A/C]"
"658",658,42.91,"[A/C]"
"659",659,42.99,"[A/C]"
"660",660,43.19,"[A/C]"
"661",661,43.66,"[A/C]"
"662",662,44.08,"[A/C]"
"663",663,44.52,"[A/C]"
"664",664,44.6,"[A/C]"
"665",665,44.78,"[A/C]"
"666",666,45.38,"[A/C]"
"667",667,45.53,"[A/C]"
"668",668,45.9,"[A/C]"
"669",669,46.07,"[A/C]"
"670",670,46.11,"[A/C]"
"671",671,46.14,"[T/C]"
"672",672,46.29,"[A/C]"
"673",673,46.35,"[A/C]"
"674",674,46.37,"[A/C]"
"675",675,46.53,"[A/C]"
"676",676,46.55,"[A/C]"
"677",677,46.65,"[A/C]"
"678",678,46.651,"[A/C]"
"679",679,46.73,"[A/C]"
"680",680,46.9,"[A/G]"
"681",681,46.91,"[A/C]"
"682",682,47.36,"[A/C]"
"683",683,47.44,"[A/C]"
"684",684,47.47,"[A/C]"
"685",685,47.69,"[A/C]"
"686",686,48.05,"[A/C]"
"687",687,48.11,"[A/C]"
"688",688,48.69,"[A/C]"
"689",689,48.75,"[A/C]"
"690",690,49.04,"[A/C]"
"691",691,49.16,"[A/C]"
"692",692,49.2,"[A/C]"
"693",693,49.26,"[A/C]"
"694",694,49.36,"[A/C]"
"695",695,49.48,"[A/C]"
"696",696,49.78,"[A/C]"
"697",697,49.94,"[A/C]"
"698",698,50.08,"[A/C]"
"699",699,50.33,"[A/C]"
"700",700,50.42,"[A/C]"
"701",701,50.421,"[A/C]"
"702",702,50.5,"[A/C]"
"703",703,50.98,"[A/C]"
"704",704,51.21,"[A/C]"
"705",705,51.72,"[A/C]"
"706",706,51.84,"[A/C]"
"707",707,51.85,"[A/C]"
"708",708,52.52,"[A/C]"
"709",709,52.7,"[A/C]"
"710",710,52.75,"[A/C]"
"711",711,52.87,"[A/C]"
"712",712,52.99,"[A/C]"
"713",713,53.03,"[A/C]"
"714",714,53.3,"[A/C]"
"715",715,53.34,"[A/C]"
"716",716,53.54,"[A/C]"
"717",717,53.85,"[A/C]"
"718",718,53.94,"[A/C]"
"719",719,54,"[A/C]"
"720",720,54.17,"[A/C]"
"721",721,54.2,"[A/C]"
"722",722,54.55,"[A/C]"
"723",723,54.7,"[A/G]"
"724",724,55.02,"[A/C]"
"725",725,55.49,"[A/C]"
"726",726,55.66,"[A/C]"
"727",727,55.86,"[A/C]"
"728",728,56.43,"[A/C]"
"729",729,56.53,"[A/C]"
"730",730,56.99,"[T/C]"
"731",731,57.01,"[A/C]"
"732",732,57.2,"[A/C]"
"733",733,57.22,"[A/C]"
"734",734,57.39,"[A/C]"
"735",735,58.08,"[A/C]"
"736",736,58.081,"[A/C]"
"737",737,58.13,"[A/C]"
"738",738,58.34,"[A/C]"
"739",739,58.43,"[A/C]"
"740",740,58.75,"[A/C]"
"741",741,58.82,"[A/C]"
"742",742,59.03,"[A/C]"
"743",743,59.34,"[A/C]"
"744",744,59.53,"[A/C]"
"745",745,59.78,"[A/C]"
"746",746,60.13,"[A/C]"
"747",747,60.14,"[A/C]"
"748",748,60.16,"[A/C]"
"749",749,60.32,"[A/C]"
"750",750,60.34,"[A/C]"
"751",751,60.36,"[A/C]"
"752",752,60.94,"[A/C]"
"753",753,61.02,"[A/C]"
"754",754,61.43,"[A/C]"
"755",755,61.59,"[A/C]"
"756",756,61.71,"[A/C]"
"757",757,62.1,"[A/C]"
"758",758,62.18,"[A/C]"
"759",759,62.24,"[A/C]"
"760",760,62.64,"[A/C]"
"761",761,62.99,"[A/C]"
"762",762,63.07,"[A/C]"
"763",763,63.52,"[A/C]"
"764",764,63.77,"[A/C]"
"765",765,64.02,"[A/C]"
"766",766,64.07,"[A/C]"
"767",767,64.63,"[A/C]"
"768",768,64.69,"[A/C]"
"769",769,64.71,"[A/C]"
"770",770,64.89,"[A/C]"
"771",771,66.24,"[A/C]"
"772",772,66.54,"[A/C]"
"773",773,66.77,"[A/C]"
"774",774,66.82,"[A/C]"
"775",775,67.02,"[A/C]"
"776",776,67.06,"[A/C]"
"777",777,67.11,"[A/C]"
"778",778,67.15,"[A/C]"
"779",779,6.738,"[T/C]"
"780",780,6.808,"[T/C]"
"781",781,6.848,"[T/C]"
"782",782,6.868,"[T/C]"
"783",783,6.906,"[A/C]"
"784",784,6.934,"[A/G]"
"785",785,6.951,"[A/C]"
"786",786,7.038,"[A/G]"
"787",787,7.058,"[A/G]"
"788",788,7.119,"[T/C]"
"789",789,7.141,"[T/C]"
"790",790,7.15,"[T/C]"
"791",791,7.251,"[A/G]"
"792",792,7.295,"[T/C]"
"793",793,7.322,"[T/C]"
"794",794,7.427,"[A/C]"
"795",795,7.444,"[T/G]"
"796",796,7.456,"[A/G]"
"797",797,7.503,"[T/C]"
"798",798,7.504,"[A/C]"
"799",799,7.535,"[T/C]"
"800",800,7.566,"[T/C]"
"801",801,7.61,"[A/C]"
"802",802,7.617,"[A/G]"
"803",803,7.639,"[A/G]"
"804",804,7.641,"[T/C]"
"805",805,7.677,"[A/C]"
"806",806,7.68,"[T/C]"
"807",807,7.706,"[T/C]"
"808",808,7.716,"[T/C]"
"809",809,7.725,"[A/C]"
"810",810,7.741,"[A/C]"
"811",811,7.763,"[T/C]"
"812",812,7.847,"[T/C]"
"813",813,7.852,"[T/C]"
"814",814,7.864,"[A/C]"
"815",815,7.905,"[A/G]"
"816",816,7.916,"[T/G]"
"817",817,8.044,"[A/G]"
"818",818,8.048,"[A/G]"
"819",819,8.052,"[A/G]"
"820",820,8.072,"[A/C]"
"821",821,8.102,"[A/G]"
"822",822,8.117,"[T/C]"
"823",823,8.132,"[T/C]"
"824",824,8.194,"[T/C]"
"825",825,8.27,"[A/G]"
"826",826,8.311,"[T/C]"
"827",827,8.342,"[A/C]"
"828",828,8.345,"[A/G]"
"829",829,8.368,"[T/C]"
"830",830,8.37,"[A/C]"
"831",831,8.375,"[T/C]"
"832",832,8.473,"[A/C]"
"833",833,8.585,"[A/G]"
"834",834,8.604,"[A/C]"
"835",835,8.605,"[T/C]"
"836",836,8.618,"[T/G]"
"837",837,8.639,"[A/G]"
"838",838,8.697,"[A/C]"
"839",839,8.787,"[A/G]"
"840",840,8.835,"[A/C]"
"841",841,8.858,"[T/C]"
"842",842,8.943,"[A/G]"
"843",843,8.991,"[T/C]"
"844",844,9.008,"[A/C]"
"845",845,9.029,"[A/C]"
"846",846,9.061,"[A/G]"
"847",847,9.075,"[A/C]"
"848",848,9.089,"[T/C]"
"849",849,9.095,"[T/C]"
"850",850,9.15,"[A/G]"
"851",851,9.174,"[T/G]"
"852",852,9.2,"[A/C]"
"853",853,9.238,"[A/G]"
"854",854,9.279,"[T/C]"
"855",855,9.289,"[T/C]"
"856",856,9.304,"[T/C]"
"857",857,9.316,"[T/C]"
"858",858,9.328,"[T/C]"
"859",859,9.347,"[T/C]"
"860",860,9.361,"[A/G]"
"861",861,9.381,"[A/C]"
"862",862,9.385,"[A/C]"
"863",863,9.412,"[A/C]"
"864",864,9.422,"[A/C]"
"865",865,9.47,"[A/C]"
"866",866,9.472,"[A/C]"
"867",867,9.535,"[A/C]"
"868",868,9.542,"[A/C]"
"869",869,9.556,"[A/C]"
"870",870,9.557,"[A/C]"
"871",871,9.591,"[A/C]"
"872",872,9.652,"[A/C]"
"873",873,9.657,"[A/C]"
"874",874,9.681,"[A/C]"
"875",875,9.683,"[A/C]"
"876",876,9.684,"[A/C]"
"877",877,9.708,"[A/C]"
"878",878,9.853,"[A/C]"
"879",879,9.893,"[A/C]"
"880",880,9.958,"[A/C]"
"881",881,9.987,"[A/C]"
"882",882,10.019,"[A/C]"
"883",883,10.076,"[A/C]"
"884",884,10.078,"[A/C]"
"885",885,10.08,"[A/C]"
"886",886,10.187,"[A/C]"
"887",887,10.195,"[A/C]"
"888",888,10.21,"[A/C]"
"889",889,10.216,"[A/C]"
"890",890,10.275,"[A/C]"
"891",891,10.277,"[A/C]"
"892",892,10.332,"[A/C]"
"893",893,10.374,"[A/C]"
"894",894,10.409,"[A/C]"
"895",895,10.423,"[A/C]"
"896",896,10.426,"[A/C]"
"897",897,10.439,"[A/C]"
"898",898,10.478,"[A/C]"
"899",899,10.526,"[A/C]"
"900",900,10.585,"[A/C]"
"901",901,10.593,"[A/C]"
"902",902,10.608,"[A/C]"
"903",903,10.639,"[A/C]"
"904",904,10.656,"[A/C]"
"905",905,10.688,"[A/C]"
"906",906,10.694,"[A/C]"
"907",907,10.757,"[A/C]"
"908",908,10.763,"[A/C]"
"909",909,10.779,"[A/C]"
"910",910,10.795,"[A/C]"
"911",911,10.935,"[A/C]"
"912",912,10.967,"[A/C]"
"913",913,10.968,"[A/C]"
"914",914,10.98,"[A/C]"
"915",915,10.988,"[A/C]"
"916",916,11.004,"[A/C]"
"917",917,11.044,"[A/C]"
"918",918,11.082,"[A/C]"
"919",919,11.104,"[A/C]"
"920",920,11.154,"[A/C]"
"921",921,11.208,"[A/C]"
"922",922,11.222,"[A/C]"
"923",923,11.305,"[A/C]"
"924",924,11.314,"[A/C]"
"925",925,11.324,"[A/C]"
"926",926,11.344,"[A/C]"
"927",927,11.363,"[A/C]"
"928",928,11.412,"[A/C]"
"929",929,11.438,"[A/C]"
"930",930,11.446,"[A/C]"
"931",931,11.448,"[A/C]"
"932",932,11.464,"[A/C]"
"933",933,11.477,"[A/C]"
"934",934,11.526,"[A/C]"
"935",935,11.533,"[A/C]"
"936",936,11.548,"[A/C]"
"937",937,11.579,"[A/C]"
"938",938,11.611,"[A/C]"
"939",939,11.616,"[A/C]"
"940",940,11.666,"[A/C]"
"941",941,11.747,"[A/C]"
"942",942,11.758,"[A/C]"
"943",943,11.79,"[A/C]"
"944",944,11.807,"[A/C]"
"945",945,11.815,"[A/C]"
"946",946,11.823,"[A/C]"
"947",947,11.834,"[A/C]"
"948",948,11.903,"[A/C]"
"949",949,11.907,"[A/C]"
"950",950,11.91,"[A/C]"
"951",951,11.94,"[A/C]"
"952",952,11.952,"[A/C]"
"953",953,11.955,"[A/C]"
"954",954,11.972,"[A/C]"
"955",955,12.014,"[A/C]"
"956",956,12.087,"[A/C]"
"957",957,12.097,"[A/C]"
"958",958,12.121,"[A/C]"
"959",959,12.141,"[A/C]"
"960",960,12.21,"[A/C]"
"961",961,12.239,"[A/C]"
"962",962,12.241,"[A/C]"
"963",963,12.326,"[A/C]"
"964",964,12.334,"[A/C]"
"965",965,12.36,"[A/C]"
"966",966,12.371,"[A/C]"
"967",967,12.413,"[A/C]"
"968",968,12.414,"[A/C]"
"969",969,12.439,"[A/C]"
"970",970,12.473,"[A/C]"
"971",971,12.487,"[A/C]"
"972",972,12.492,"[A/C]"
"973",973,12.502,"[A/C]"
"974",974,12.557,"[A/C]"
"975",975,12.583,"[A/C]"
"976",976,12.624,"[A/C]"
"977",977,12.634,"[A/C]"
"978",978,12.708,"[A/C]"
"979",979,12.713,"[A/C]"
"980",980,12.719,"[A/C]"
"981",981,12.75,"[A/C]"
"982",982,12.822,"[A/C]"
"983",983,12.845,"[A/C]"
"984",984,12.861,"[A/C]"
"985",985,12.868,"[A/C]"
"986",986,12.871,"[A/C]"
"987",987,12.874,"[A/C]"
"988",988,12.897,"[A/C]"
"989",989,12.945,"[A/C]"
"990",990,12.955,"[A/C]"
"991",991,12.97,"[A/C]"
"992",992,13.019,"[A/C]"
"993",993,13.049,"[A/C]"
"994",994,13.093,"[A/C]"
"995",995,13.106,"[A/C]"
"996",996,13.158,"[A/C]"
"997",997,13.182,"[A/C]"
"998",998,13.189,"[A/C]"
"999",999,13.203,"[A/C]"
"1000",1000,13.242,"[A/C]"
"1001",1001,13.259,"[A/C]"
"1002",1002,13.272,"[A/C]"
"1003",1003,13.334,"[A/C]"
"1004",1004,13.348,"[A/C]"
"1005",1005,13.355,"[A/C]"
"1006",1006,13.377,"[A/C]"
"1007",1007,13.632,"[A/C]"
"1008",1008,13.67,"[A/C]"
"1009",1009,13.752,"[A/C]"
"1010",1010,13.771,"[A/C]"
"1011",1011,13.772,"[A/C]"
"1012",1012,13.774,"[A/C]"
"1013",1013,13.785,"[A/C]"
"1014",1014,13.801,"[A/C]"
"1015",1015,13.904,"[A/C]"
"1016",1016,13.909,"[A/C]"
"1017",1017,13.959,"[A/C]"
"1018",1018,14.006,"[A/C]"
"1019",1019,14.039,"[A/C]"
"1020",1020,14.05,"[A/C]"
"1021",1021,14.062,"[A/C]"
"1022",1022,14.096,"[A/C]"
"1023",1023,14.111,"[A/C]"
"1024",1024,14.146,"[A/C]"
"1025",1025,14.156,"[A/C]"
"1026",1026,14.17,"[A/C]"
"1027",1027,14.179,"[A/C]"
"1028",1028,14.249,"[A/C]"
"1029",1029,14.253,"[A/C]"
"1030",1030,14.256,"[A/C]"
"1031",1031,14.334,"[A/C]"
"1032",1032,14.358,"[A/C]"
"1033",1033,14.36,"[A/C]"
"1034",1034,14.409,"[A/C]"
"1035",1035,14.473,"[A/C]"
"1036",1036,14.479,"[A/C]"
"1037",1037,14.481,"[A/C]"
"1038",1038,14.515,"[A/C]"
"1039",1039,14.548,"[A/C]"
"1040",1040,14.576,"[A/C]"
"1041",1041,14.598,"[A/C]"
"1042",1042,14.599,"[A/C]"
"1043",1043,14.624,"[A/C]"
"1044",1044,14.66,"[A/C]"
"1045",1045,14.698,"[A/C]"
"1046",1046,14.78,"[A/C]"
"1047",1047,14.814,"[A/C]"
"1048",1048,14.83,"[A/C]"
"1049",1049,14.841,"[A/C]"
"1050",1050,14.845,"[A/C]"
"1051",1051,14.866,"[A/C]"
"1052",1052,14.91,"[T/C]"
"1053",1053,14.914,"[A/C]"
"1054",1054,14.976,"[A/C]"
"1055",1055,15,"[A/C]"
"1056",1056,15.155,"[A/C]"
"1057",1057,15.162,"[A/C]"
"1058",1058,15.267,"[A/C]"
"1059",1059,15.291,"[A/C]"
"1060",1060,15.297,"[A/C]"
"1061",1061,15.424,"[A/C]"
"1062",1062,15.444,"[A/C]"
"1063",1063,15.456,"[A/C]"
"1064",1064,15.486,"[A/C]"
"1065",1065,15.522,"[A/C]"
"1066",1066,15.523,"[A/C]"
"1067",1067,15.531,"[A/C]"
"1068",1068,15.563,"[A/C]"
"1069",1069,15.642,"[A/C]"
"1070",1070,15.643,"[A/C]"
"1071",1071,15.656,"[A/C]"
"1072",1072,15.671,"[A/C]"
"1073",1073,15.674,"[A/C]"
"1074",1074,15.696,"[A/C]"
"1075",1075,15.706,"[A/C]"
"1076",1076,15.708,"[A/C]"
"1077",1077,15.756,"[A/C]"
"1078",1078,15.768,"[A/C]"
"1079",1079,15.783,"[A/C]"
"1080",1080,15.801,"[A/C]"
"1081",1081,15.822,"[A/C]"
"1082",1082,15.824,"[A/C]"
"1083",1083,15.856,"[A/C]"
"1084",1084,15.858,"[A/C]"
"1085",1085,15.882,"[A/C]"
"1086",1086,16.002,"[A/C]"
"1087",1087,16.028,"[A/C]"
"1088",1088,16.037,"[A/C]"
"1089",1089,16.05,"[A/C]"
"1090",1090,16.062,"[A/C]"
"1091",1091,16.106,"[A/C]"
"1092",1092,16.111,"[A/C]"
"1093",1093,16.13,"[A/C]"
"1094",1094,16.154,"[A/C]"
"1095",1095,16.174,"[A/C]"
"1096",1096,16.207,"[A/C]"
"1097",1097,16.211,"[A/C]"
"1098",1098,16.253,"[A/C]"
"1099",1099,16.302,"[A/C]"
"1100",1100,16.303,"[A/C]"
"1101",1101,16.387,"[A/C]"
"1102",1102,16.412,"[A/C]"
"1103",1103,16.413,"[A/C]"
"1104",1104,16.426,"[A/C]"
"1105",1105,16.449,"[A/C]"
"1106",1106,16.475,"[A/C]"
"1107",1107,16.479,"[A/C]"
"1108",1108,16.486,"[A/C]"
"1109",1109,16.55,"[A/C]"
"1110",1110,16.553,"[A/C]"
"1111",1111,16.594,"[A/C]"
"1112",1112,16.6,"[A/C]"
"1113",1113,16.672,"[A/C]"
"1114",1114,16.69,"[A/C]"
"1115",1115,16.735,"[A/C]"
"1116",1116,16.767,"[A/C]"
"1117",1117,16.768,"[A/C]"
"1118",1118,16.795,"[A/C]"
"1119",1119,16.799,"[A/C]"
"1120",1120,16.858,"[A/C]"
"1121",1121,16.889,"[A/C]"
"1122",1122,16.938,"[A/C]"
"1123",1123,16.939,"[A/C]"
"1124",1124,16.94,"[A/C]"
"1125",1125,16.978,"[A/C]"
"1126",1126,16.984,"[A/C]"
"1127",1127,17.05,"[A/C]"
"1128",1128,17.079,"[A/C]"
"1129",1129,17.08,"[A/C]"
"1130",1130,17.089,"[A/C]"
"1131",1131,17.099,"[A/C]"
"1132",1132,17.122,"[A/C]"
"1133",1133,17.143,"[A/C]"
"1134",1134,17.145,"[A/C]"
"1135",1135,17.156,"[A/C]"
"1136",1136,17.168,"[A/C]"
"1137",1137,17.171,"[A/C]"
"1138",1138,17.187,"[A/C]"
"1139",1139,17.236,"[A/C]"
"1140",1140,17.29,"[A/C]"
"1141",1141,17.298,"[A/C]"
"1142",1142,17.429,"[A/C]"
"1143",1143,17.493,"[A/C]"
"1144",1144,17.52,"[A/C]"
"1145",1145,17.555,"[A/C]"
"1146",1146,17.56,"[A/C]"
"1147",1147,17.568,"[A/C]"
"1148",1148,17.57,"[A/C]"
"1149",1149,17.576,"[A/C]"
"1150",1150,17.632,"[A/C]"
"1151",1151,17.66,"[A/C]"
"1152",1152,17.663,"[A/C]"
"1153",1153,17.833,"[A/C]"
"1154",1154,17.857,"[A/C]"
"1155",1155,18.025,"[A/C]"
"1156",1156,18.056,"[A/C]"
"1157",1157,18.117,"[A/C]"
"1158",1158,18.125,"[A/C]"
"1159",1159,18.15,"[A/C]"
"1160",1160,18.169,"[A/C]"
"1161",1161,18.225,"[A/C]"
"1162",1162,18.255,"[A/C]"
"1163",1163,18.265,"[A/C]"
"1164",1164,18.267,"[A/C]"
"1165",1165,18.291,"[A/C]"
"1166",1166,18.318,"[A/C]"
"1167",1167,18.335,"[A/C]"
"1168",1168,18.343,"[A/C]"
"1169",1169,18.39,"[A/C]"
"1170",1170,18.416,"[A/C]"
"1171",1171,18.421,"[A/C]"
"1172",1172,18.48,"[A/C]"
"1173",1173,18.481,"[A/C]"
"1174",1174,18.499,"[A/C]"
"1175",1175,18.532,"[A/C]"
"1176",1176,18.559,"[A/C]"
"1177",1177,18.58,"[A/C]"
"1178",1178,18.587,"[A/C]"
"1179",1179,18.603,"[A/C]"
"1180",1180,18.617,"[A/C]"
"1181",1181,18.651,"[A/C]"
"1182",1182,18.77,"[A/C]"
"1183",1183,18.831,"[A/C]"
"1184",1184,18.839,"[A/C]"
"1185",1185,18.852,"[A/C]"
"1186",1186,18.858,"[A/C]"
"1187",1187,18.869,"[A/C]"
"1188",1188,18.91,"[A/C]"
"1189",1189,18.972,"[A/C]"
"1190",1190,19.041,"[A/C]"
"1191",1191,19.088,"[A/C]"
"1192",1192,19.121,"[A/C]"
"1193",1193,19.127,"[A/C]"
"1194",1194,19.145,"[A/C]"
"1195",1195,19.165,"[A/C]"
"1196",1196,19.215,"[A/C]"
"1197",1197,19.255,"[A/C]"
"1198",1198,19.256,"[A/C]"
"1199",1199,19.271,"[A/C]"
"1200",1200,19.369,"[A/C]"
"1201",1201,19.38,"[A/C]"
"1202",1202,19.391,"[A/C]"
"1203",1203,19.407,"[A/C]"
"1204",1204,19.455,"[A/C]"
"1205",1205,19.464,"[A/C]"
"1206",1206,19.493,"[A/C]"
"1207",1207,19.551,"[A/C]"
"1208",1208,19.618,"[A/C]"
"1209",1209,19.621,"[A/C]"
"1210",1210,19.622,"[A/C]"
"1211",1211,19.669,"[A/C]"
"1212",1212,19.707,"[A/C]"
"1213",1213,19.771,"[A/C]"
"1214",1214,19.776,"[A/C]"
"1215",1215,19.782,"[A/C]"
"1216",1216,19.841,"[A/C]"
"1217",1217,19.854,"[A/C]"
"1218",1218,19.98,"[A/C]"
"1219",1219,20.072,"[A/C]"
"1220",1220,20.076,"[A/C]"
"1221",1221,20.077,"[A/C]"
"1222",1222,20.094,"[A/C]"
"1223",1223,20.11,"[A/C]"
"1224",1224,20.142,"[A/C]"
"1225",1225,20.148,"[A/C]"
"1226",1226,20.153,"[A/C]"
"1227",1227,20.205,"[A/C]"
"1228",1228,20.218,"[A/C]"
"1229",1229,20.287,"[A/C]"
"1230",1230,20.289,"[A/C]"
"1231",1231,20.297,"[A/C]"
"1232",1232,20.302,"[A/C]"
"1233",1233,20.305,"[A/C]"
"1234",1234,20.312,"[A/C]"
"1235",1235,20.344,"[A/C]"
"1236",1236,20.35,"[A/C]"
"1237",1237,20.361,"[A/C]"
"1238",1238,20.387,"[A/C]"
"1239",1239,20.388,"[A/C]"
"1240",1240,20.398,"[A/C]"
"1241",1241,20.42,"[A/C]"
"1242",1242,20.557,"[A/C]"
"1243",1243,20.595,"[A/C]"
"1244",1244,20.612,"[A/C]"
"1245",1245,20.616,"[A/C]"
"1246",1246,20.645,"[A/C]"
"1247",1247,20.684,"[A/C]"
"1248",1248,20.704,"[A/C]"
"1249",1249,20.749,"[A/C]"
"1250",1250,20.802,"[A/C]"
"1251",1251,20.82,"[A/C]"
"1252",1252,20.879,"[A/C]"
"1253",1253,20.911,"[A/C]"
"1254",1254,20.93,"[A/C]"
"1255",1255,20.954,"[A/C]"
"1256",1256,20.986,"[A/C]"
"1257",1257,21.125,"[A/C]"
"1258",1258,21.157,"[A/C]"
"1259",1259,21.255,"[A/C]"
"1260",1260,21.317,"[A/C]"
"1261",1261,21.398,"[A/C]"
"1262",1262,21.456,"[A/C]"
"1263",1263,21.527,"[A/C]"
"1264",1264,21.574,"[A/C]"
"1265",1265,21.607,"[A/C]"
"1266",1266,21.651,"[A/C]"
"1267",1267,21.817,"[A/C]"
"1268",1268,21.828,"[A/C]"
"1269",1269,21.865,"[A/C]"
"1270",1270,21.871,"[A/C]"
"1271",1271,21.889,"[A/C]"
"1272",1272,21.968,"[A/C]"
"1273",1273,22.068,"[A/C]"
"1274",1274,22.105,"[A/C]"
"1275",1275,22.123,"[A/C]"
"1276",1276,22.181,"[A/C]"
"1277",1277,22.21,"[A/C]"
"1278",1278,22.224,"[A/C]"
"1279",1279,22.247,"[A/C]"
"1280",1280,22.291,"[A/C]"
"1281",1281,22.309,"[A/C]"
"1282",1282,22.349,"[A/C]"
"1283",1283,22.395,"[A/C]"
"1284",1284,22.456,"[A/C]"
"1285",1285,22.533,"[A/C]"
"1286",1286,22.611,"[A/C]"
"1287",1287,22.623,"[A/C]"
"1288",1288,22.655,"[A/C]"
"1289",1289,22.681,"[A/C]"
"1290",1290,22.69,"[A/C]"
"1291",1291,22.78,"[A/C]"
"1292",1292,22.792,"[A/C]"
"1293",1293,22.806,"[A/C]"
"1294",1294,22.871,"[A/C]"
"1295",1295,22.923,"[A/C]"
"1296",1296,23.107,"[A/C]"
"1297",1297,23.127,"[A/C]"
"1298",1298,23.133,"[A/C]"
"1299",1299,23.177,"[A/C]"
"1300",1300,23.294,"[A/C]"
"1301",1301,23.305,"[A/C]"
"1302",1302,23.397,"[A/C]"
"1303",1303,23.4,"[A/C]"
"1304",1304,23.401,"[A/C]"
"1305",1305,23.45,"[A/C]"
"1306",1306,23.478,"[A/C]"
"1307",1307,23.634,"[A/C]"
"1308",1308,23.656,"[A/C]"
"1309",1309,23.7,"[A/C]"
"1310",1310,23.753,"[A/C]"
"1311",1311,23.754,"[A/C]"
"1312",1312,23.759,"[A/C]"
"1313",1313,23.76,"[A/C]"
"1314",1314,23.788,"[A/C]"
"1315",1315,23.803,"[A/C]"
"1316",1316,23.823,"[A/C]"
"1317",1317,23.864,"[A/C]"
"1318",1318,23.883,"[A/C]"
"1319",1319,23.992,"[A/C]"
"1320",1320,24.012,"[A/C]"
"1321",1321,24.015,"[A/C]"
"1322",1322,24.058,"[A/C]"
"1323",1323,24.075,"[A/C]"
"1324",1324,24.087,"[A/C]"
"1325",1325,24.115,"[A/C]"
"1326",1326,24.167,"[A/C]"
"1327",1327,24.258,"[A/C]"
"1328",1328,24.286,"[A/C]"
"1329",1329,24.29,"[A/C]"
"1330",1330,24.307,"[A/C]"
"1331",1331,24.319,"[A/C]"
"1332",1332,24.327,"[A/C]"
"1333",1333,24.422,"[A/C]"
"1334",1334,24.435,"[A/C]"
"1335",1335,24.556,"[A/C]"
"1336",1336,24.573,"[A/C]"
"1337",1337,24.594,"[A/C]"
"1338",1338,24.61,"[A/C]"
"1339",1339,24.631,"[A/C]"
"1340",1340,24.646,"[A/C]"
"1341",1341,24.691,"[A/C]"
"1342",1342,24.744,"[A/C]"
"1343",1343,24.759,"[A/C]"
"1344",1344,24.827,"[A/C]"
"1345",1345,24.904,"[A/C]"
"1346",1346,24.911,"[A/C]"
"1347",1347,24.966,"[A/C]"
"1348",1348,24.99,"[A/C]"
"1349",1349,24.995,"[A/C]"
"1350",1350,25,"[A/C]"
"1351",1351,25.056,"[A/C]"
"1352",1352,25.064,"[A/C]"
"1353",1353,25.092,"[A/C]"
"1354",1354,25.105,"[A/C]"
"1355",1355,25.108,"[A/C]"
"1356",1356,25.264,"[A/C]"
"1357",1357,25.291,"[A/C]"
"1358",1358,25.475,"[A/C]"
"1359",1359,25.49,"[A/C]"
"1360",1360,25.579,"[A/C]"
"1361",1361,25.633,"[A/C]"
"1362",1362,25.702,"[A/C]"
"1363",1363,25.738,"[A/C]"
"1364",1364,25.807,"[A/C]"
"1365",1365,25.852,"[A/C]"
"1366",1366,25.855,"[A/C]"
"1367",1367,25.869,"[A/C]"
"1368",1368,25.882,"[A/C]"
"1369",1369,25.888,"[A/C]"
"1370",1370,25.897,"[A/C]"
"1371",1371,25.9,"[A/C]"
"1372",1372,25.911,"[A/C]"
"1373",1373,26.013,"[A/C]"
"1374",1374,26.025,"[A/C]"
"1375",1375,26.105,"[A/C]"
"1376",1376,26.109,"[A/C]"
"1377",1377,26.122,"[A/C]"
"1378",1378,26.134,"[A/C]"
"1379",1379,26.174,"[A/C]"
"1380",1380,26.221,"[A/C]"
"1381",1381,26.248,"[A/C]"
"1382",1382,26.25,"[A/C]"
"1383",1383,26.261,"[A/C]"
"1384",1384,26.319,"[A/C]"
"1385",1385,26.332,"[A/C]"
"1386",1386,26.371,"[A/C]"
"1387",1387,26.372,"[A/C]"
"1388",1388,26.38,"[A/C]"
"1389",1389,26.421,"[A/C]"
"1390",1390,26.453,"[A/C]"
"1391",1391,26.46,"[A/C]"
"1392",1392,26.466,"[A/C]"
"1393",1393,26.513,"[A/C]"
"1394",1394,26.558,"[A/C]"
"1395",1395,26.594,"[A/C]"
"1396",1396,26.62,"[A/C]"
"1397",1397,26.658,"[A/C]"
"1398",1398,26.68,"[A/C]"
"1399",1399,26.793,"[A/C]"
"1400",1400,26.882,"[A/C]"
"1401",1401,26.917,"[A/C]"
"1402",1402,27.066,"[A/C]"
"1403",1403,27.07,"[A/C]"
"1404",1404,27.153,"[A/C]"
"1405",1405,27.186,"[A/C]"
"1406",1406,27.187,"[A/C]"
"1407",1407,27.225,"[A/C]"
"1408",1408,27.303,"[A/C]"
"1409",1409,27.353,"[A/C]"
"1410",1410,27.439,"[A/C]"
"1411",1411,27.479,"[A/C]"
"1412",1412,27.488,"[A/C]"
"1413",1413,27.516,"[A/C]"
"1414",1414,27.55,"[A/C]"
"1415",1415,27.557,"[A/C]"
"1416",1416,27.583,"[A/C]"
"1417",1417,27.693,"[A/C]"
"1418",1418,27.702,"[A/C]"
"1419",1419,27.832,"[A/C]"
"1420",1420,27.86,"[A/C]"
"1421",1421,27.889,"[A/C]"
"1422",1422,27.904,"[A/C]"
"1423",1423,28.027,"[A/C]"
"1424",1424,28.039,"[A/C]"
"1425",1425,28.043,"[A/C]"
"1426",1426,28.05,"[A/C]"
"1427",1427,28.051,"[A/C]"
"1428",1428,28.06,"[A/C]"
"1429",1429,28.087,"[A/C]"
"1430",1430,28.311,"[A/C]"
"1431",1431,28.387,"[A/C]"
"1432",1432,28.408,"[A/C]"
"1433",1433,28.432,"[A/C]"
"1434",1434,28.626,"[A/C]"
"1435",1435,28.664,"[A/C]"
"1436",1436,28.683,"[A/C]"
"1437",1437,28.738,"[A/C]"
"1438",1438,28.785,"[A/C]"
"1439",1439,28.852,"[A/C]"
"1440",1440,28.927,"[A/C]"
"1441",1441,28.939,"[A/C]"
"1442",1442,28.96,"[A/C]"
"1443",1443,28.976,"[A/C]"
"1444",1444,28.983,"[A/C]"
"1445",1445,29.011,"[A/C]"
"1446",1446,29.079,"[A/C]"
"1447",1447,29.108,"[A/C]"
"1448",1448,29.119,"[A/C]"
"1449",1449,29.223,"[A/C]"
"1450",1450,29.231,"[A/C]"
"1451",1451,29.237,"[A/C]"
"1452",1452,29.263,"[A/C]"
"1453",1453,29.312,"[A/C]"
"1454",1454,29.315,"[A/C]"
"1455",1455,29.371,"[A/C]"
"1456",1456,29.377,"[A/C]"
"1457",1457,29.435,"[A/C]"
"1458",1458,29.453,"[A/C]"
"1459",1459,29.455,"[A/C]"
"1460",1460,29.476,"[A/C]"
"1461",1461,29.487,"[A/C]"
"1462",1462,29.531,"[A/C]"
"1463",1463,29.576,"[A/C]"
"1464",1464,29.741,"[A/C]"
"1465",1465,29.785,"[A/C]"
"1466",1466,29.874,"[A/C]"
"1467",1467,29.882,"[A/C]"
"1468",1468,29.927,"[A/C]"
"1469",1469,29.957,"[A/C]"
"1470",1470,30.056,"[A/C]"
"1471",1471,30.057,"[A/C]"
"1472",1472,30.083,"[A/C]"
"1473",1473,30.131,"[A/C]"
"1474",1474,30.14,"[A/C]"
"1475",1475,30.243,"[A/C]"
"1476",1476,30.255,"[A/C]"
"1477",1477,30.266,"[A/C]"
"1478",1478,30.331,"[A/C]"
"1479",1479,30.389,"[A/C]"
"1480",1480,30.459,"[A/C]"
"1481",1481,30.492,"[A/C]"
"1482",1482,30.604,"[A/C]"
"1483",1483,30.614,"[A/C]"
"1484",1484,30.618,"[A/C]"
"1485",1485,30.666,"[A/C]"
"1486",1486,30.683,"[A/C]"
"1487",1487,30.695,"[A/C]"
"1488",1488,30.725,"[A/C]"
"1489",1489,30.739,"[A/C]"
"1490",1490,30.792,"[A/C]"
"1491",1491,30.83,"[A/C]"
"1492",1492,30.847,"[A/C]"
"1493",1493,30.849,"[A/C]"
"1494",1494,30.883,"[A/C]"
"1495",1495,30.92,"[T/C]"
"1496",1496,30.929,"[A/C]"
"1497",1497,30.997,"[A/C]"
"1498",1498,30.999,"[A/C]"
"1499",1499,31.01,"[A/C]"
"1500",1500,31.081,"[A/C]"
"1501",1501,31.114,"[A/C]"
"1502",1502,31.186,"[A/C]"
"1503",1503,31.227,"[A/C]"
"1504",1504,31.274,"[A/C]"
"1505",1505,31.294,"[A/C]"
"1506",1506,31.347,"[A/C]"
"1507",1507,31.411,"[A/C]"
"1508",1508,31.472,"[A/C]"
"1509",1509,31.504,"[A/C]"
"1510",1510,31.515,"[A/C]"
"1511",1511,31.611,"[A/C]"
"1512",1512,31.678,"[A/C]"
"1513",1513,31.842,"[A/C]"
"1514",1514,32.027,"[A/C]"
"1515",1515,32.028,"[A/C]"
"1516",1516,32.065,"[A/C]"
"1517",1517,32.215,"[A/C]"
"1518",1518,32.278,"[A/C]"
"1519",1519,32.318,"[A/C]"
"1520",1520,32.329,"[A/C]"
"1521",1521,32.348,"[A/C]"
"1522",1522,32.373,"[A/C]"
"1523",1523,32.436,"[A/C]"
"1524",1524,32.466,"[A/C]"
"1525",1525,32.469,"[A/C]"
"1526",1526,32.492,"[A/C]"
"1527",1527,32.511,"[A/C]"
"1528",1528,32.663,"[A/C]"
"1529",1529,32.665,"[A/C]"
"1530",1530,32.676,"[A/C]"
"1531",1531,32.68,"[A/C]"
"1532",1532,32.694,"[A/C]"
"1533",1533,32.733,"[A/C]"
"1534",1534,32.749,"[A/C]"
"1535",1535,32.875,"[A/C]"
"1536",1536,32.888,"[A/C]"
"1537",1537,32.912,"[A/C]"
"1538",1538,32.913,"[A/C]"
"1539",1539,32.947,"[A/C]"
"1540",1540,32.977,"[A/C]"
"1541",1541,32.999,"[A/C]"
"1542",1542,33.021,"[A/C]"
"1543",1543,33.084,"[A/C]"
"1544",1544,33.088,"[A/C]"
"1545",1545,33.108,"[A/C]"
"1546",1546,33.12,"[A/C]"
"1547",1547,33.221,"[A/C]"
"1548",1548,33.245,"[A/C]"
"1549",1549,33.446,"[A/C]"
"1550",1550,33.45,"[A/C]"
"1551",1551,33.467,"[A/C]"
"1552",1552,33.566,"[A/C]"
"1553",1553,33.631,"[A/C]"
"1554",1554,33.641,"[A/C]"
"1555",1555,33.642,"[A/C]"
"1556",1556,33.703,"[A/C]"
"1557",1557,33.791,"[A/C]"
"1558",1558,33.807,"[A/C]"
"1559",1559,33.872,"[A/G]"
"1560",1560,33.885,"[A/C]"
"1561",1561,33.888,"[A/C]"
"1562",1562,33.908,"[A/C]"
"1563",1563,33.93,"[A/C]"
"1564",1564,33.977,"[A/C]"
"1565",1565,34.135,"[A/C]"
"1566",1566,34.154,"[A/C]"
"1567",1567,34.162,"[A/C]"
"1568",1568,34.28,"[A/C]"
"1569",1569,34.341,"[A/C]"
"1570",1570,34.578,"[A/C]"
"1571",1571,34.58,"[A/C]"
"1572",1572,34.706,"[A/C]"
"1573",1573,34.72,"[A/C]"
"1574",1574,34.743,"[A/C]"
"1575",1575,34.844,"[A/C]"
"1576",1576,34.846,"[A/C]"
"1577",1577,34.904,"[A/C]"
"1578",1578,34.931,"[A/C]"
"1579",1579,34.945,"[A/C]"
"1580",1580,35.018,"[A/C]"
"1581",1581,35.064,"[A/C]"
"1582",1582,35.108,"[A/C]"
"1583",1583,35.116,"[A/C]"
"1584",1584,35.136,"[A/C]"
"1585",1585,35.308,"[A/C]"
"1586",1586,35.366,"[A/C]"
"1587",1587,35.444,"[A/C]"
"1588",1588,35.532,"[A/C]"
"1589",1589,35.57,"[A/C]"
"1590",1590,35.633,"[A/C]"
"1591",1591,35.656,"[A/C]"
"1592",1592,35.753,"[A/C]"
"1593",1593,35.805,"[A/C]"
"1594",1594,35.818,"[A/C]"
"1595",1595,35.841,"[A/C]"
"1596",1596,35.934,"[A/C]"
"1597",1597,36.023,"[A/C]"
"1598",1598,36.069,"[A/C]"
"1599",1599,36.106,"[A/C]"
"1600",1600,36.118,"[A/C]"
"1601",1601,36.17,"[A/C]"
"1602",1602,36.25,"[A/C]"
"1603",1603,36.302,"[A/C]"
"1604",1604,36.434,"[A/C]"
"1605",1605,36.456,"[A/C]"
"1606",1606,36.48,"[A/C]"
"1607",1607,36.619,"[A/C]"
"1608",1608,36.68,"[A/C]"
"1609",1609,36.686,"[A/C]"
"1610",1610,36.695,"[A/C]"
"1611",1611,36.822,"[A/C]"
"1612",1612,36.901,"[A/C]"
"1613",1613,36.933,"[A/C]"
"1614",1614,36.972,"[A/C]"
"1615",1615,36.987,"[A/C]"
"1616",1616,37.028,"[A/C]"
"1617",1617,37.128,"[A/C]"
"1618",1618,37.192,"[A/C]"
"1619",1619,37.3,"[A/C]"
"1620",1620,37.307,"[A/C]"
"1621",1621,37.52,"[A/C]"
"1622",1622,37.564,"[A/C]"
"1623",1623,37.604,"[A/C]"
"1624",1624,37.605,"[A/C]"
"1625",1625,37.623,"[A/C]"
"1626",1626,37.763,"[A/C]"
"1627",1627,37.765,"[A/C]"
"1628",1628,37.823,"[A/C]"
"1629",1629,38.021,"[A/C]"
"1630",1630,38.255,"[A/C]"
"1631",1631,38.305,"[A/C]"
"1632",1632,38.449,"[A/C]"
"1633",1633,38.493,"[A/C]"
"1634",1634,38.518,"[A/C]"
"1635",1635,38.523,"[A/C]"
"1636",1636,38.762,"[A/C]"
"1637",1637,38.944,"[A/C]"
"1638",1638,39.043,"[A/C]"
"1639",1639,39.047,"[A/C]"
"1640",1640,39.069,"[A/C]"
"1641",1641,39.107,"[A/C]"
"1642",1642,39.109,"[A/C]"
"1643",1643,39.123,"[A/C]"
"1644",1644,39.142,"[A/C]"
"1645",1645,39.178,"[A/C]"
"1646",1646,39.287,"[A/C]"
"1647",1647,39.3,"[A/C]"
"1648",1648,39.377,"[A/C]"
"1649",1649,39.394,"[A/C]"
"1650",1650,39.4,"[A/C]"
"1651",1651,39.439,"[A/C]"
"1652",1652,39.465,"[A/C]"
"1653",1653,39.505,"[A/C]"
"1654",1654,39.506,"[A/C]"
"1655",1655,39.513,"[A/C]"
"1656",1656,39.622,"[A/C]"
"1657",1657,39.631,"[A/C]"
"1658",1658,39.647,"[A/C]"
"1659",1659,39.652,"[A/C]"
"1660",1660,39.759,"[A/C]"
"1661",1661,39.76,"[A/C]"
"1662",1662,39.802,"[A/C]"
"1663",1663,39.853,"[A/C]"
"1664",1664,39.856,"[A/C]"
"1665",1665,39.919,"[A/C]"
"1666",1666,40.042,"[A/C]"
"1667",1667,40.104,"[A/C]"
"1668",1668,40.183,"[A/C]"
"1669",1669,40.372,"[A/C]"
"1670",1670,40.385,"[A/C]"
"1671",1671,40.399,"[A/C]"
"1672",1672,40.456,"[A/C]"
"1673",1673,40.516,"[A/C]"
"1674",1674,40.541,"[A/C]"
"1675",1675,40.776,"[A/C]"
"1676",1676,40.843,"[A/C]"
"1677",1677,40.845,"[A/C]"
"1678",1678,40.867,"[A/C]"
"1679",1679,40.899,"[A/C]"
"1680",1680,40.947,"[A/C]"
"1681",1681,40.993,"[A/C]"
"1682",1682,40.996,"[A/C]"
"1683",1683,41.026,"[A/C]"
"1684",1684,41.099,"[A/C]"
"1685",1685,41.353,"[A/C]"
"1686",1686,41.443,"[A/C]"
"1687",1687,41.48,"[A/C]"
"1688",1688,41.526,"[A/C]"
"1689",1689,41.533,"[A/C]"
"1690",1690,41.605,"[A/C]"
"1691",1691,41.641,"[A/C]"
"1692",1692,41.777,"[A/C]"
"1693",1693,41.879,"[A/C]"
"1694",1694,41.934,"[A/C]"
"1695",1695,41.998,"[A/C]"
"1696",1696,42.106,"[A/C]"
"1697",1697,42.284,"[A/C]"
"1698",1698,42.313,"[A/C]"
"1699",1699,42.355,"[A/C]"
"1700",1700,42.399,"[A/C]"
"1701",1701,42.535,"[A/C]"
"1702",1702,42.548,"[A/C]"
"1703",1703,42.555,"[A/C]"
"1704",1704,42.557,"[A/C]"
"1705",1705,42.569,"[A/C]"
"1706",1706,42.59,"[A/C]"
"1707",1707,42.608,"[A/C]"
"1708",1708,42.722,"[A/C]"
"1709",1709,42.799,"[A/C]"
"1710",1710,42.866,"[A/C]"
"1711",1711,42.911,"[A/C]"
"1712",1712,42.914,"[A/C]"
"1713",1713,42.925,"[A/C]"
"1714",1714,42.942,"[A/C]"
"1715",1715,42.945,"[A/C]"
"1716",1716,42.972,"[A/C]"
"1717",1717,42.979,"[A/C]"
"1718",1718,43.264,"[A/C]"
"1719",1719,43.4,"[A/C]"
"1720",1720,43.409,"[A/C]"
"1721",1721,43.43,"[A/C]"
"1722",1722,43.502,"[A/C]"
"1723",1723,43.557,"[A/C]"
"1724",1724,43.563,"[A/C]"
"1725",1725,43.608,"[A/C]"
"1726",1726,43.614,"[A/C]"
"1727",1727,43.644,"[A/C]"
"1728",1728,43.67,"[A/C]"
"1729",1729,43.672,"[A/C]"
"1730",1730,43.722,"[A/C]"
"1731",1731,43.771,"[A/C]"
"1732",1732,43.871,"[A/C]"
"1733",1733,43.926,"[A/C]"
"1734",1734,43.946,"[A/C]"
"1735",1735,43.966,"[A/C]"
"1736",1736,44.031,"[A/C]"
"1737",1737,44.096,"[A/C]"
"1738",1738,44.159,"[A/C]"
"1739",1739,44.171,"[A/C]"
"1740",1740,44.176,"[A/C]"
"1741",1741,44.217,"[A/C]"
"1742",1742,44.219,"[A/C]"
"1743",1743,44.263,"[A/C]"
"1744",1744,44.287,"[A/C]"
"1745",1745,44.291,"[A/C]"
"1746",1746,44.378,"[A/C]"
"1747",1747,44.385,"[A/C]"
"1748",1748,44.4,"[A/G]"
"1749",1749,44.481,"[A/C]"
"1750",1750,44.538,"[A/C]"
"1751",1751,44.644,"[A/C]"
"1752",1752,44.698,"[A/C]"
"1753",1753,44.728,"[A/C]"
"1754",1754,44.752,"[A/C]"
"1755",1755,44.859,"[A/C]"
"1756",1756,44.872,"[A/C]"
"1757",1757,44.873,"[A/C]"
"1758",1758,45.014,"[A/C]"
"1759",1759,45.092,"[A/C]"
"1760",1760,45.127,"[A/C]"
"1761",1761,45.201,"[A/C]"
"1762",1762,45.354,"[A/C]"
"1763",1763,45.355,"[A/C]"
"1764",1764,45.403,"[A/C]"
"1765",1765,45.425,"[A/C]"
"1766",1766,45.553,"[A/C]"
"1767",1767,45.578,"[A/C]"
"1768",1768,45.636,"[A/C]"
"1769",1769,45.725,"[A/C]"
"1770",1770,45.756,"[A/C]"
"1771",1771,45.822,"[A/C]"
"1772",1772,45.835,"[A/C]"
"1773",1773,45.964,"[A/C]"
"1774",1774,46,"[T/C]"
"1775",1775,46.132,"[A/C]"
"1776",1776,46.141,"[A/C]"
"1777",1777,46.159,"[A/C]"
"1778",1778,46.23,"[A/C]"
"1779",1779,46.331,"[A/C]"
"1780",1780,46.371,"[A/C]"
"1781",1781,46.384,"[A/C]"
"1782",1782,46.386,"[A/C]"
"1783",1783,46.404,"[A/C]"
"1784",1784,46.511,"[A/C]"
"1785",1785,46.516,"[A/C]"
"1786",1786,46.538,"[A/C]"
"1787",1787,46.593,"[A/C]"
"1788",1788,46.596,"[A/C]"
"1789",1789,46.729,"[A/C]"
"1790",1790,46.742,"[A/C]"
"1791",1791,46.89,"[A/C]"
"1792",1792,46.905,"[A/C]"
"1793",1793,46.934,"[A/C]"
"1794",1794,46.985,"[A/C]"
"1795",1795,47.006,"[A/C]"
"1796",1796,47.15,"[A/C]"
"1797",1797,47.169,"[A/C]"
"1798",1798,47.392,"[A/C]"
"1799",1799,47.413,"[A/C]"
"1800",1800,47.424,"[A/C]"
"1801",1801,47.452,"[A/C]"
"1802",1802,47.459,"[A/C]"
"1803",1803,47.519,"[A/C]"
"1804",1804,47.6,"[A/C]"
"1805",1805,47.708,"[A/C]"
"1806",1806,47.802,"[A/C]"
"1807",1807,47.807,"[A/C]"
"1808",1808,47.964,"[A/C]"
"1809",1809,48.052,"[A/C]"
"1810",1810,48.059,"[A/C]"
"1811",1811,48.09,"[A/C]"
"1812",1812,48.196,"[A/C]"
"1813",1813,48.206,"[A/C]"
"1814",1814,48.28,"[A/C]"
"1815",1815,48.29,"[A/C]"
"1816",1816,48.291,"[A/C]"
"1817",1817,48.35,"[A/C]"
"1818",1818,48.449,"[A/C]"
"1819",1819,48.53,"[A/C]"
"1820",1820,48.647,"[A/C]"
"1821",1821,48.669,"[A/C]"
"1822",1822,48.707,"[A/C]"
"1823",1823,48.751,"[A/C]"
"1824",1824,48.803,"[A/C]"
"1825",1825,48.819,"[A/C]"
"1826",1826,48.944,"[A/C]"
"1827",1827,48.959,"[A/C]"
"1828",1828,48.97,"[A/C]"
"1829",1829,49.011,"[A/C]"
"1830",1830,49.044,"[A/C]"
"1831",1831,49.158,"[A/C]"
"1832",1832,49.166,"[A/C]"
"1833",1833,49.376,"[A/C]"
"1834",1834,49.568,"[A/C]"
"1835",1835,49.675,"[A/C]"
"1836",1836,49.712,"[A/C]"
"1837",1837,49.758,"[A/C]"
"1838",1838,49.786,"[A/C]"
"1839",1839,49.851,"[A/C]"
"1840",1840,49.858,"[A/C]"
"1841",1841,49.907,"[A/C]"
"1842",1842,49.918,"[A/C]"
"1843",1843,49.97,"[A/C]"
"1844",1844,49.99,"[A/C]"
"1845",1845,50.009,"[A/C]"
"1846",1846,50.108,"[A/C]"
"1847",1847,50.178,"[A/C]"
"1848",1848,50.195,"[A/C]"
"1849",1849,50.201,"[A/C]"
"1850",1850,50.312,"[A/C]"
"1851",1851,50.566,"[A/C]"
"1852",1852,50.624,"[A/C]"
"1853",1853,50.633,"[A/C]"
"1854",1854,50.667,"[A/C]"
"1855",1855,50.747,"[A/C]"
"1856",1856,50.768,"[A/C]"
"1857",1857,50.84,"[A/C]"
"1858",1858,50.851,"[A/C]"
"1859",1859,50.9,"[A/C]"
"1860",1860,50.946,"[A/C]"
"1861",1861,50.948,"[A/C]"
"1862",1862,50.953,"[A/C]"
"1863",1863,50.972,"[A/C]"
"1864",1864,51.015,"[A/C]"
"1865",1865,51.085,"[A/C]"
"1866",1866,51.097,"[A/C]"
"1867",1867,51.105,"[A/C]"
"1868",1868,51.182,"[A/C]"
"1869",1869,51.222,"[A/C]"
"1870",1870,51.326,"[A/C]"
"1871",1871,51.374,"[A/C]"
"1872",1872,51.382,"[A/C]"
"1873",1873,51.388,"[A/C]"
"1874",1874,51.461,"[A/C]"
"1875",1875,51.477,"[A/C]"
"1876",1876,51.576,"[A/C]"
"1877",1877,51.74,"[A/C]"
"1878",1878,51.832,"[A/C]"
"1879",1879,51.913,"[A/C]"
"1880",1880,51.918,"[A/C]"
"1881",1881,51.97,"[A/C]"
"1882",1882,52.009,"[A/C]"
"1883",1883,52.028,"[A/C]"
"1884",1884,52.059,"[A/C]"
"1885",1885,52.09,"[A/C]"
"1886",1886,52.093,"[A/C]"
"1887",1887,52.137,"[A/C]"
"1888",1888,52.154,"[A/C]"
"1889",1889,52.35,"[A/C]"
"1890",1890,52.362,"[A/C]"
"1891",1891,52.391,"[A/C]"
"1892",1892,52.419,"[A/C]"
"1893",1893,52.479,"[A/C]"
"1894",1894,52.485,"[A/C]"
"1895",1895,52.504,"[A/C]"
"1896",1896,52.512,"[A/C]"
"1897",1897,52.535,"[A/C]"
"1898",1898,52.688,"[A/C]"
"1899",1899,52.767,"[A/C]"
"1900",1900,52.775,"[A/C]"
"1901",1901,52.797,"[A/C]"
"1902",1902,52.822,"[A/C]"
"1903",1903,53.213,"[A/C]"
"1904",1904,53.254,"[A/C]"
"1905",1905,53.269,"[A/C]"
"1906",1906,53.434,"[A/C]"
"1907",1907,53.436,"[A/C]"
"1908",1908,53.439,"[A/C]"
"1909",1909,53.453,"[A/C]"
"1910",1910,53.479,"[A/C]"
"1911",1911,53.501,"[A/C]"
"1912",1912,53.525,"[A/C]"
"1913",1913,53.584,"[A/C]"
"1914",1914,53.599,"[A/C]"
"1915",1915,53.709,"[A/C]"
"1916",1916,54.074,"[A/C]"
"1917",1917,54.108,"[A/C]"
"1918",1918,54.188,"[A/C]"
"1919",1919,54.41,"[A/C]"
"1920",1920,54.502,"[A/C]"
"1921",1921,54.526,"[A/C]"
"1922",1922,54.543,"[A/C]"
"1923",1923,54.623,"[A/C]"
"1924",1924,54.685,"[A/C]"
"1925",1925,54.794,"[A/C]"
"1926",1926,54.838,"[A/C]"
"1927",1927,54.907,"[A/C]"
"1928",1928,54.923,"[A/C]"
"1929",1929,54.938,"[A/C]"
"1930",1930,54.957,"[A/C]"
"1931",1931,55.07,"[A/C]"
"1932",1932,55.075,"[A/C]"
"1933",1933,55.111,"[A/C]"
"1934",1934,55.133,"[A/C]"
"1935",1935,55.185,"[A/C]"
"1936",1936,55.275,"[A/C]"
"1937",1937,55.443,"[A/C]"
"1938",1938,55.453,"[A/C]"
"1939",1939,55.614,"[A/C]"
"1940",1940,55.621,"[A/C]"
"1941",1941,55.673,"[A/C]"
"1942",1942,55.684,"[A/C]"
"1943",1943,55.92,"[A/C]"
"1944",1944,56.027,"[A/C]"
"1945",1945,56.199,"[A/C]"
"1946",1946,56.267,"[A/C]"
"1947",1947,56.329,"[A/C]"
"1948",1948,56.378,"[A/C]"
"1949",1949,56.578,"[A/C]"
"1950",1950,56.668,"[A/C]"
"1951",1951,56.691,"[A/C]"
"1952",1952,56.79,"[A/C]"
"1953",1953,56.821,"[A/C]"
"1954",1954,56.855,"[A/C]"
"1955",1955,56.884,"[A/C]"
"1956",1956,56.904,"[A/C]"
"1957",1957,56.912,"[A/C]"
"1958",1958,56.968,"[A/C]"
"1959",1959,57.002,"[A/C]"
"1960",1960,57.009,"[A/C]"
"1961",1961,57.034,"[A/C]"
"1962",1962,57.035,"[A/C]"
"1963",1963,57.371,"[A/C]"
"1964",1964,57.506,"[A/C]"
"1965",1965,57.533,"[A/C]"
"1966",1966,57.984,"[A/C]"
"1967",1967,57.992,"[A/C]"
"1968",1968,58.017,"[A/C]"
"1969",1969,58.047,"[A/C]"
"1970",1970,58.11,"[A/C]"
"1971",1971,58.133,"[A/C]"
"1972",1972,58.135,"[A/C]"
"1973",1973,58.475,"[A/C]"
"1974",1974,58.558,"[A/C]"
"1975",1975,58.617,"[A/C]"
"1976",1976,58.697,"[A/C]"
"1977",1977,58.957,"[A/C]"
"1978",1978,59.053,"[A/C]"
"1979",1979,59.104,"[A/C]"
"1980",1980,59.117,"[A/C]"
"1981",1981,59.155,"[A/C]"
"1982",1982,59.175,"[A/C]"
"1983",1983,59.197,"[A/C]"
"1984",1984,59.247,"[A/C]"
"1985",1985,59.251,"[A/C]"
"1986",1986,59.263,"[A/C]"
"1987",1987,59.309,"[A/C]"
"1988",1988,59.351,"[A/C]"
"1989",1989,59.427,"[A/C]"
"1990",1990,59.538,"[A/C]"
"1991",1991,59.566,"[A/C]"
"1992",1992,59.569,"[A/C]"
"1993",1993,59.68,"[A/C]"
"1994",1994,59.713,"[A/C]"
"1995",1995,59.754,"[A/C]"
"1996",1996,59.902,"[A/C]"
"1997",1997,59.915,"[A/C]"
"1998",1998,60.028,"[A/C]"
"1999",1999,60.04,"[A/C]"
"2000",2000,60.058,"[A/C]"
"2001",2001,60.079,"[A/C]"
"2002",2002,60.191,"[A/C]"
"2003",2003,60.215,"[A/C]"
"2004",2004,60.314,"[A/C]"
"2005",2005,60.372,"[A/C]"
"2006",2006,60.435,"[A/C]"
"2007",2007,60.457,"[A/C]"
"2008",2008,60.512,"[A/C]"
"2009",2009,60.606,"[A/C]"
"2010",2010,60.615,"[A/C]"
"2011",2011,60.688,"[A/C]"
"2012",2012,60.745,"[A/C]"
"2013",2013,60.8,"[A/C]"
"2014",2014,60.883,"[A/C]"
"2015",2015,60.89,"[A/C]"
"2016",2016,61.123,"[A/C]"
"2017",2017,61.244,"[A/C]"
"2018",2018,61.273,"[A/C]"
"2019",2019,61.284,"[A/C]"
"2020",2020,61.288,"[A/C]"
"2021",2021,61.386,"[A/C]"
"2022",2022,61.433,"[A/C]"
"2023",2023,61.509,"[A/C]"
"2024",2024,61.553,"[A/C]"
"2025",2025,61.632,"[A/C]"
"2026",2026,61.729,"[A/C]"
"2027",2027,61.756,"[A/C]"
"2028",2028,61.853,"[A/C]"
"2029",2029,61.857,"[A/C]"
"2030",2030,62.016,"[A/C]"
"2031",2031,62.034,"[A/C]"
"2032",2032,62.088,"[A/C]"
"2033",2033,62.134,"[A/C]"
"2034",2034,62.204,"[A/C]"
"2035",2035,62.212,"[A/C]"
"2036",2036,62.223,"[A/C]"
"2037",2037,62.259,"[A/C]"
"2038",2038,62.271,"[A/C]"
"2039",2039,62.342,"[A/C]"
"2040",2040,62.459,"[A/C]"
"2041",2041,62.561,"[A/C]"
"2042",2042,62.659,"[A/C]"
"2043",2043,62.679,"[A/C]"
"2044",2044,62.776,"[A/C]"
"2045",2045,62.789,"[A/C]"
"2046",2046,62.809,"[A/C]"
"2047",2047,62.857,"[A/C]"
"2048",2048,62.873,"[A/C]"
"2049",2049,62.899,"[A/C]"
"2050",2050,62.954,"[A/C]"
"2051",2051,63.096,"[A/C]"
"2052",2052,63.102,"[A/C]"
"2053",2053,63.158,"[A/C]"
"2054",2054,63.362,"[A/C]"
"2055",2055,63.406,"[A/C]"
"2056",2056,63.408,"[A/C]"
"2057",2057,63.433,"[A/C]"
"2058",2058,63.488,"[A/C]"
"2059",2059,63.587,"[A/C]"
"2060",2060,63.689,"[A/C]"
"2061",2061,63.787,"[A/C]"
"2062",2062,63.826,"[A/C]"
"2063",2063,63.836,"[A/C]"
"2064",2064,63.906,"[A/C]"
"2065",2065,63.982,"[A/C]"
"2066",2066,64.047,"[A/C]"
"2067",2067,64.087,"[A/C]"
"2068",2068,64.139,"[A/C]"
"2069",2069,64.222,"[A/C]"
"2070",2070,64.31,"[A/C]"
"2071",2071,64.452,"[A/C]"
"2072",2072,64.514,"[A/C]"
"2073",2073,64.555,"[A/C]"
"2074",2074,64.605,"[A/C]"
"2075",2075,64.631,"[A/C]"
"2076",2076,64.706,"[A/C]"
"2077",2077,64.774,"[A/C]"
"2078",2078,64.777,"[A/C]"
"2079",2079,64.815,"[A/C]"
"2080",2080,64.856,"[A/C]"
"2081",2081,64.995,"[A/C]"
"2082",2082,65.134,"[A/C]"
"2083",2083,65.419,"[A/C]"
"2084",2084,65.427,"[A/C]"
"2085",2085,65.433,"[A/C]"
"2086",2086,65.459,"[A/C]"
"2087",2087,65.473,"[A/C]"
"2088",2088,65.489,"[A/C]"
"2089",2089,65.727,"[A/C]"
"2090",2090,66.587,"[A/C]"
"2091",2091,66.715,"[A/C]"
"2092",2092,66.731,"[A/C]"
"2093",2093,66.863,"[A/C]"
"2094",2094,66.877,"[A/C]"
"2095",2095,66.925,"[A/C]"
"2096",2096,66.943,"[A/C]"
"2097",2097,67.166,"[A/C]"
"2098",2098,67.22,"[A/C]"
"2099",2099,67.545,"[A/C]"
"2100",2100,67.673,"[A/C]"
"2101",2101,67.675,"[A/C]"
"2102",2102,67.742,"[A/C]"
"2103",2103,67.749,"[A/C]"
"2104",2104,67.897,"[A/C]"
"2105",2105,67.903,"[A/C]"
"2106",2106,68.847,"[A/C]"
"2107",2107,68.898,"[A/C]"
"2108",2108,68.966,"[A/C]"
"2109",2109,68.991,"[A/C]"
"2110",2110,69.007,"[A/C]"
"2111",2111,69.224,"[A/C]"
"2112",2112,69.232,"[A/C]"
"2113",2113,69.495,"[A/C]"
"2114",2114,69.779,"[A/C]"
"2115",2115,69.989,"[A/C]"
"2116",2116,70.111,"[A/C]"
"2117",2117,70.183,"[A/C]"
"2118",2118,70.203,"[A/C]"
"2119",2119,70.264,"[A/C]"
"2120",2120,70.331,"[A/C]"
"2121",2121,70.498,"[A/C]"
"2122",2122,70.56,"[A/C]"
"2123",2123,70.654,"[A/C]"
"2124",2124,70.749,"[A/C]"
"2125",2125,70.779,"[A/C]"
"2126",2126,70.781,"[A/C]"
"2127",2127,70.99,"[A/C]"
"2128",2128,71.132,"[A/C]"
"2129",2129,71.145,"[A/C]"
"2130",2130,71.256,"[A/C]"
"2131",2131,71.32,"[A/C]"
"2132",2132,71.341,"[A/C]"
"2133",2133,71.383,"[A/C]"
"2134",2134,71.807,"[A/C]"
"2135",2135,71.863,"[A/C]"
"2136",2136,71.979,"[A/C]"
"2137",2137,72.078,"[A/C]"
"2138",2138,72.084,"[A/C]"
"2139",2139,72.092,"[A/C]"
"2140",2140,72.116,"[A/C]"
"2141",2141,72.195,"[A/C]"
"2142",2142,72.509,"[A/C]"
"2143",2143,72.537,"[A/C]"
"2144",2144,72.603,"[A/C]"
"2145",2145,72.633,"[A/C]"
"2146",2146,72.738,"[A/C]"
"2147",2147,72.928,"[A/C]"
"2148",2148,73.019,"[A/C]"
"2149",2149,73.035,"[A/C]"
"2150",2150,73.124,"[A/C]"
"2151",2151,73.189,"[A/C]"
"2152",2152,73.566,"[A/C]"
"2153",2153,73.652,"[A/C]"
"2154",2154,73.663,"[A/C]"
"2155",2155,73.736,"[A/C]"
"2156",2156,73.746,"[A/C]"
"2157",2157,73.838,"[A/C]"
"2158",2158,74.118,"[A/C]"
"2159",2159,74.199,"[A/C]"
"2160",2160,74.219,"[A/C]"
"2161",2161,74.22,"[A/C]"
"2162",2162,74.38,"[A/C]"
"2163",2163,74.414,"[A/C]"
"2164",2164,74.544,"[A/C]"
"2165",2165,74.583,"[A/C]"
"2166",2166,74.9,"[A/C]"
"2167",2167,75.044,"[A/C]"
"2168",2168,75.075,"[A/C]"
"2169",2169,75.135,"[A/C]"
"2170",2170,75.161,"[A/C]"
"2171",2171,75.535,"[A/C]"
"2172",2172,75.628,"[A/G]"
"2173",2173,75.705,"[A/C]"
"2174",2174,75.779,"[A/C]"
"2175",2175,75.78,"[A/C]"
"2176",2176,75.846,"[A/C]"
"2177",2177,76.007,"[A/C]"
"2178",2178,76.127,"[A/C]"
"2179",2179,76.16,"[A/C]"
"2180",2180,76.192,"[A/C]"
"2181",2181,76.315,"[A/C]"
"2182",2182,76.452,"[A/C]"
"2183",2183,76.457,"[A/C]"
"2184",2184,76.546,"[A/C]"
"2185",2185,76.559,"[A/C]"
"2186",2186,76.696,"[A/C]"
"2187",2187,76.721,"[A/C]"
"2188",2188,76.893,"[A/C]"
"2189",2189,76.95,"[A/C]"
"2190",2190,76.973,"[A/C]"
"2191",2191,77.064,"[A/C]"
"2192",2192,77.066,"[A/C]"
"2193",2193,77.227,"[A/C]"
"2194",2194,77.234,"[A/C]"
"2195",2195,77.44,"[A/C]"
"2196",2196,77.514,"[A/C]"
"2197",2197,77.641,"[A/C]"
"2198",2198,77.671,"[A/C]"
"2199",2199,78.008,"[A/C]"
"2200",2200,78.009,"[A/C]"
"2201",2201,78.039,"[A/C]"
"2202",2202,78.127,"[A/C]"
"2203",2203,78.16,"[A/C]"
"2204",2204,78.184,"[A/C]"
"2205",2205,78.287,"[A/C]"
"2206",2206,78.46,"[A/C]"
"2207",2207,78.914,"[A/C]"
"2208",2208,79.144,"[A/C]"
"2209",2209,79.205,"[A/C]"
"2210",2210,79.292,"[A/C]"
"2211",2211,79.342,"[A/C]"
"2212",2212,79.4,"[A/C]"
"2213",2213,79.49,"[A/C]"
"2214",2214,79.9,"[A/C]"
"2215",2215,79.917,"[A/C]"
"2216",2216,79.975,"[A/C]"
"2217",2217,79.989,"[A/C]"
"2218",2218,80.14,"[A/C]"
"2219",2219,80.147,"[A/C]"
"2220",2220,80.176,"[A/C]"
"2221",2221,80.178,"[A/C]"
"2222",2222,80.359,"[A/C]"
"2223",2223,80.444,"[A/C]"
"2224",2224,80.483,"[A/C]"
"2225",2225,80.508,"[A/C]"
"2226",2226,80.543,"[A/C]"
"2227",2227,80.567,"[A/C]"
"2228",2228,80.752,"[A/C]"
"2229",2229,80.787,"[A/C]"
"2230",2230,80.886,"[A/C]"
"2231",2231,80.982,"[A/C]"
"2232",2232,80.992,"[A/C]"
"2233",2233,81.008,"[A/C]"
"2234",2234,81.111,"[A/C]"
"2235",2235,81.179,"[A/C]"
"2236",2236,81.252,"[A/C]"
"2237",2237,81.39,"[A/C]"
"2238",2238,81.517,"[A/C]"
"2239",2239,81.612,"[A/C]"
"2240",2240,81.656,"[A/C]"
"2241",2241,81.82,"[A/C]"
"2242",2242,81.858,"[A/C]"
"2243",2243,81.998,"[A/C]"
"2244",2244,82.05,"[A/C]"
"2245",2245,82.095,"[A/C]"
"2246",2246,82.118,"[A/C]"
"2247",2247,82.324,"[A/C]"
"2248",2248,82.418,"[A/C]"
"2249",2249,82.642,"[A/C]"
"2250",2250,82.721,"[A/C]"
"2251",2251,82.752,"[A/C]"
"2252",2252,82.883,"[A/C]"
"2253",2253,82.909,"[A/C]"
"2254",2254,83.009,"[A/C]"
"2255",2255,83.082,"[A/C]"
"2256",2256,83.132,"[A/C]"
"2257",2257,83.336,"[A/C]"
"2258",2258,83.602,"[A/C]"
"2259",2259,83.737,"[A/C]"
"2260",2260,83.808,"[A/C]"
"2261",2261,83.817,"[A/C]"
"2262",2262,83.91,"[A/C]"
"2263",2263,84.234,"[A/C]"
"2264",2264,84.438,"[A/C]"
"2265",2265,84.539,"[A/C]"
"2266",2266,84.546,"[A/C]"
"2267",2267,84.632,"[A/C]"
"2268",2268,84.692,"[A/C]"
"2269",2269,84.712,"[A/C]"
"2270",2270,84.739,"[A/C]"
"2271",2271,84.838,"[A/C]"
"2272",2272,84.846,"[A/C]"
"2273",2273,84.866,"[A/C]"
"2274",2274,84.911,"[A/C]"
"2275",2275,85.003,"[A/C]"
"2276",2276,85.064,"[A/C]"
"2277",2277,85.213,"[A/C]"
"2278",2278,85.217,"[A/C]"
"2279",2279,85.227,"[A/C]"
"2280",2280,85.475,"[A/C]"
"2281",2281,85.488,"[A/C]"
"2282",2282,85.603,"[A/C]"
"2283",2283,85.685,"[A/C]"
"2284",2284,85.784,"[A/C]"
"2285",2285,85.786,"[A/C]"
"2286",2286,85.901,"[A/C]"
"2287",2287,85.954,"[A/C]"
"2288",2288,85.959,"[A/C]"
"2289",2289,85.972,"[A/C]"
"2290",2290,85.998,"[A/C]"
"2291",2291,86.011,"[A/C]"
"2292",2292,86.141,"[A/C]"
"2293",2293,86.155,"[A/C]"
"2294",2294,86.277,"[A/C]"
"2295",2295,86.295,"[A/C]"
"2296",2296,86.317,"[A/C]"
"2297",2297,86.557,"[A/C]"
"2298",2298,86.628,"[A/C]"
"2299",2299,86.631,"[A/C]"
"2300",2300,86.703,"[A/C]"
"2301",2301,86.811,"[A/C]"
"2302",2302,86.812,"[A/C]"
"2303",2303,86.819,"[A/C]"
"2304",2304,86.905,"[A/C]"
"2305",2305,87.211,"[A/C]"
"2306",2306,87.335,"[A/C]"
"2307",2307,87.492,"[A/C]"
"2308",2308,87.572,"[A/C]"
"2309",2309,87.603,"[A/C]"
"2310",2310,87.665,"[A/C]"
"2311",2311,87.762,"[A/C]"
"2312",2312,87.842,"[A/C]"
"2313",2313,87.847,"[A/C]"
"2314",2314,87.863,"[A/C]"
"2315",2315,87.88,"[A/C]"
"2316",2316,87.929,"[A/C]"
"2317",2317,87.932,"[A/C]"
"2318",2318,88.037,"[A/C]"
"2319",2319,88.056,"[A/C]"
"2320",2320,88.148,"[A/C]"
"2321",2321,88.167,"[A/C]"
"2322",2322,88.718,"[A/C]"
"2323",2323,88.768,"[A/C]"
"2324",2324,88.907,"[A/C]"
"2325",2325,89.228,"[A/C]"
"2326",2326,89.909,"[A/C]"
"2327",2327,90.025,"[A/C]"
"2328",2328,90.139,"[A/C]"
"2329",2329,90.237,"[A/C]"
"2330",2330,90.412,"[A/C]"
"2331",2331,90.418,"[A/C]"
"2332",2332,90.489,"[A/C]"
"2333",2333,90.614,"[A/C]"
"2334",2334,90.873,"[A/C]"
"2335",2335,90.888,"[A/C]"
"2336",2336,90.976,"[A/C]"
"2337",2337,91.017,"[A/C]"
"2338",2338,91.277,"[A/C]"
"2339",2339,91.305,"[A/C]"
"2340",2340,91.32,"[A/C]"
"2341",2341,91.421,"[A/C]"
"2342",2342,91.566,"[A/C]"
"2343",2343,91.601,"[A/C]"
"2344",2344,91.799,"[A/C]"
"2345",2345,91.884,"[A/C]"
"2346",2346,91.931,"[A/C]"
"2347",2347,91.99,"[A/C]"
"2348",2348,92.134,"[A/C]"
"2349",2349,92.235,"[A/C]"
"2350",2350,92.357,"[A/C]"
"2351",2351,92.4,"[A/C]"
"2352",2352,92.456,"[A/C]"
"2353",2353,92.551,"[A/C]"
"2354",2354,92.679,"[A/C]"
"2355",2355,92.712,"[A/C]"
"2356",2356,92.786,"[A/C]"
"2357",2357,92.931,"[A/C]"
"2358",2358,92.966,"[A/C]"
"2359",2359,92.995,"[A/C]"
"2360",2360,93.07,"[A/C]"
"2361",2361,93.156,"[A/C]"
"2362",2362,93.192,"[A/C]"
"2363",2363,93.341,"[A/C]"
"2364",2364,93.544,"[A/C]"
"2365",2365,93.604,"[A/C]"
"2366",2366,93.724,"[A/C]"
"2367",2367,93.959,"[A/C]"
"2368",2368,94.488,"[A/C]"
"2369",2369,94.504,"[A/C]"
"2370",2370,94.532,"[A/C]"
"2371",2371,94.599,"[A/C]"
"2372",2372,94.961,"[A/C]"
"2373",2373,95.095,"[A/C]"
"2374",2374,95.099,"[A/C]"
"2375",2375,95.161,"[A/C]"
"2376",2376,95.279,"[A/C]"
"2377",2377,95.334,"[A/C]"
"2378",2378,95.387,"[A/C]"
"2379",2379,95.537,"[A/C]"
"2380",2380,95.592,"[A/C]"
"2381",2381,95.696,"[A/C]"
"2382",2382,96.294,"[A/C]"
"2383",2383,96.331,"[A/C]"
"2384",2384,96.335,"[A/C]"
"2385",2385,96.352,"[A/C]"
"2386",2386,96.652,"[A/C]"
"2387",2387,96.901,"[A/C]"
"2388",2388,96.956,"[A/C]"
"2389",2389,96.989,"[A/C]"
"2390",2390,97.213,"[A/C]"
"2391",2391,97.396,"[A/C]"
"2392",2392,97.478,"[A/C]"
"2393",2393,97.7,"[A/C]"
"2394",2394,97.727,"[A/C]"
"2395",2395,97.905,"[A/C]"
"2396",2396,97.938,"[A/C]"
"2397",2397,98.181,"[A/C]"
"2398",2398,98.273,"[A/C]"
"2399",2399,98.353,"[A/C]"
"2400",2400,98.585,"[A/C]"
"2401",2401,98.637,"[A/C]"
"2402",2402,98.693,"[A/C]"
"2403",2403,99.027,"[A/C]"
"2404",2404,99.164,"[A/C]"
"2405",2405,99.263,"[A/C]"
"2406",2406,99.266,"[A/C]"
"2407",2407,99.428,"[A/C]"
"2408",2408,99.435,"[A/C]"
"2409",2409,99.631,"[A/C]"
"2410",2410,99.754,"[A/C]"
"2411",2411,99.812,"[A/C]"
"2412",2412,100.116,"[A/C]"
"2413",2413,100.117,"[A/C]"
"2414",2414,100.17,"[A/C]"
"2415",2415,100.346,"[A/C]"
"2416",2416,100.351,"[A/C]"
"2417",2417,100.379,"[A/C]"
"2418",2418,100.597,"[A/C]"
"2419",2419,100.633,"[A/C]"
"2420",2420,100.693,"[A/C]"
"2421",2421,100.779,"[A/C]"
"2422",2422,101.089,"[A/C]"
"2423",2423,101.25,"[A/C]"
"2424",2424,101.253,"[A/C]"
"2425",2425,101.277,"[A/C]"
"2426",2426,101.287,"[A/C]"
"2427",2427,101.706,"[A/C]"
"2428",2428,101.978,"[A/C]"
"2429",2429,102.004,"[A/C]"
"2430",2430,102.018,"[A/C]"
"2431",2431,102.121,"[A/C]"
"2432",2432,102.125,"[A/C]"
"2433",2433,102.224,"[A/C]"
"2434",2434,102.348,"[A/C]"
"2435",2435,102.63,"[A/C]"
"2436",2436,102.808,"[A/C]"
"2437",2437,102.831,"[A/C]"
"2438",2438,102.878,"[A/C]"
"2439",2439,102.889,"[A/C]"
"2440",2440,102.913,"[A/C]"
"2441",2441,103.057,"[A/C]"
"2442",2442,103.432,"[A/C]"
"2443",2443,103.647,"[A/C]"
"2444",2444,103.652,"[A/C]"
"2445",2445,103.729,"[A/C]"
"2446",2446,103.82,"[A/C]"
"2447",2447,104.02,"[A/C]"
"2448",2448,104.058,"[A/C]"
"2449",2449,104.237,"[A/C]"
"2450",2450,104.381,"[A/C]"
"2451",2451,104.392,"[A/C]"
"2452",2452,104.399,"[A/C]"
"2453",2453,104.646,"[A/C]"
"2454",2454,104.673,"[A/C]"
"2455",2455,104.845,"[A/C]"
"2456",2456,104.917,"[A/C]"
"2457",2457,105.038,"[A/C]"
"2458",2458,105.095,"[A/C]"
"2459",2459,105.431,"[A/C]"
"2460",2460,105.493,"[A/C]"
"2461",2461,105.636,"[A/C]"
"2462",2462,105.657,"[A/C]"
"2463",2463,105.659,"[A/C]"
"2464",2464,105.662,"[A/C]"
"2465",2465,105.664,"[A/C]"
"2466",2466,105.856,"[A/C]"
"2467",2467,106.063,"[A/C]"
"2468",2468,106.186,"[A/C]"
"2469",2469,106.212,"[A/C]"
"2470",2470,106.236,"[A/C]"
"2471",2471,106.457,"[A/C]"
"2472",2472,106.542,"[A/C]"
"2473",2473,106.647,"[A/C]"
"2474",2474,106.672,"[A/C]"
"2475",2475,106.782,"[A/C]"
"2476",2476,106.815,"[A/C]"
"2477",2477,106.852,"[A/C]"
"2478",2478,107.253,"[A/C]"
"2479",2479,107.38,"[A/C]"
"2480",2480,107.384,"[A/C]"
"2481",2481,107.618,"[A/C]"
"2482",2482,107.73,"[A/C]"
"2483",2483,107.775,"[A/C]"
"2484",2484,107.973,"[A/C]"
"2485",2485,108.002,"[A/C]"
"2486",2486,108.009,"[A/C]"
"2487",2487,108.128,"[A/C]"
"2488",2488,108.233,"[A/C]"
"2489",2489,108.565,"[A/C]"
"2490",2490,108.603,"[A/C]"
"2491",2491,108.751,"[A/C]"
"2492",2492,108.85,"[A/C]"
"2493",2493,109.05,"[A/C]"
"2494",2494,109.059,"[A/C]"
"2495",2495,109.193,"[A/C]"
"2496",2496,109.391,"[A/C]"
"2497",2497,109.451,"[A/C]"
"2498",2498,109.964,"[A/C]"
"2499",2499,110.099,"[A/C]"
"2500",2500,110.116,"[A/C]"
"2501",2501,110.177,"[A/C]"
"2502",2502,110.473,"[A/C]"
"2503",2503,110.6,"[A/C]"
"2504",2504,110.683,"[A/C]"
"2505",2505,110.791,"[A/C]"
"2506",2506,110.893,"[A/C]"
"2507",2507,110.951,"[A/C]"
"2508",2508,110.962,"[A/C]"
"2509",2509,111.067,"[A/C]"
"2510",2510,111.191,"[A/C]"
"2511",2511,111.237,"[A/C]"
"2512",2512,111.347,"[A/C]"
"2513",2513,111.375,"[A/C]"
"2514",2514,111.381,"[A/C]"
"2515",2515,111.457,"[A/C]"
"2516",2516,111.469,"[A/C]"
"2517",2517,111.77,"[A/C]"
"2518",2518,111.796,"[A/C]"
"2519",2519,111.832,"[A/C]"
"2520",2520,111.959,"[A/C]"
"2521",2521,112.102,"[A/C]"
"2522",2522,112.227,"[A/C]"
"2523",2523,112.328,"[A/C]"
"2524",2524,112.397,"[A/C]"
"2525",2525,112.454,"[A/C]"
"2526",2526,112.506,"[A/C]"
"2527",2527,112.539,"[A/C]"
"2528",2528,112.832,"[A/C]"
"2529",2529,112.842,"[A/C]"
"2530",2530,112.849,"[A/C]"
"2531",2531,112.876,"[A/C]"
"2532",2532,112.892,"[A/C]"
"2533",2533,112.976,"[A/C]"
"2534",2534,113.091,"[A/C]"
"2535",2535,113.122,"[A/C]"
"2536",2536,113.157,"[A/C]"
"2537",2537,113.211,"[A/C]"
"2538",2538,113.214,"[A/C]"
"2539",2539,113.235,"[A/C]"
"2540",2540,113.325,"[A/C]"
"2541",2541,113.327,"[A/C]"
"2542",2542,113.705,"[A/C]"
"2543",2543,113.786,"[A/C]"
"2544",2544,113.901,"[A/C]"
"2545",2545,114.086,"[A/C]"
"2546",2546,114.102,"[A/C]"
"2547",2547,114.233,"[A/C]"
"2548",2548,114.25,"[A/C]"
"2549",2549,114.299,"[A/C]"
"2550",2550,114.561,"[A/C]"
"2551",2551,114.676,"[A/C]"
"2552",2552,114.689,"[A/C]"
"2553",2553,114.825,"[A/C]"
"2554",2554,114.988,"[A/C]"
"2555",2555,115.034,"[A/C]"
"2556",2556,115.097,"[A/C]"
"2557",2557,115.229,"[A/C]"
"2558",2558,115.308,"[A/C]"
"2559",2559,115.408,"[A/C]"
"2560",2560,115.46,"[A/C]"
"2561",2561,115.546,"[A/C]"
"2562",2562,115.565,"[A/C]"
"2563",2563,115.581,"[A/C]"
"2564",2564,115.673,"[A/C]"
"2565",2565,116.058,"[A/C]"
"2566",2566,116.168,"[A/C]"
"2567",2567,116.211,"[A/C]"
"2568",2568,116.259,"[A/C]"
"2569",2569,116.291,"[A/C]"
"2570",2570,116.45,"[A/C]"
"2571",2571,116.652,"[A/C]"
"2572",2572,116.732,"[A/C]"
"2573",2573,116.735,"[A/C]"
"2574",2574,117.131,"[A/C]"
"2575",2575,117.195,"[A/C]"
"2576",2576,117.226,"[A/C]"
"2577",2577,117.414,"[A/C]"
"2578",2578,117.499,"[A/C]"
"2579",2579,117.872,"[A/C]"
"2580",2580,118.496,"[A/C]"
"2581",2581,118.522,"[A/C]"
"2582",2582,118.707,"[A/C]"
"2583",2583,119.025,"[A/C]"
"2584",2584,119.456,"[A/C]"
"2585",2585,119.698,"[A/C]"
"2586",2586,119.76,"[A/C]"
"2587",2587,119.953,"[A/C]"
"2588",2588,119.964,"[A/C]"
"2589",2589,120.028,"[A/C]"
"2590",2590,120.154,"[A/C]"
"2591",2591,120.251,"[A/C]"
"2592",2592,120.344,"[A/C]"
"2593",2593,120.352,"[A/C]"
"2594",2594,120.381,"[A/C]"
"2595",2595,120.551,"[A/C]"
"2596",2596,120.559,"[A/C]"
"2597",2597,120.629,"[A/C]"
"2598",2598,120.909,"[A/C]"
"2599",2599,120.953,"[A/C]"
"2600",2600,121.056,"[A/C]"
"2601",2601,121.077,"[A/C]"
"2602",2602,121.281,"[A/C]"
"2603",2603,121.291,"[A/C]"
"2604",2604,121.357,"[A/C]"
"2605",2605,121.432,"[A/C]"
"2606",2606,121.57,"[A/C]"
"2607",2607,121.8,"[A/C]"
"2608",2608,122.008,"[A/C]"
"2609",2609,122.125,"[A/C]"
"2610",2610,122.454,"[A/C]"
"2611",2611,122.65,"[A/C]"
"2612",2612,122.73,"[A/C]"
"2613",2613,122.799,"[A/C]"
"2614",2614,123.292,"[A/C]"
"2615",2615,123.693,"[A/C]"
"2616",2616,123.698,"[A/C]"
"2617",2617,123.821,"[A/C]"
"2618",2618,123.977,"[A/C]"
"2619",2619,124.094,"[A/C]"
"2620",2620,124.114,"[A/C]"
"2621",2621,124.118,"[A/C]"
"2622",2622,124.593,"[A/C]"
"2623",2623,124.598,"[A/C]"
"2624",2624,124.703,"[A/C]"
"2625",2625,124.84,"[A/C]"
"2626",2626,125.015,"[A/C]"
"2627",2627,125.081,"[A/C]"
"2628",2628,125.212,"[A/C]"
"2629",2629,125.511,"[A/C]"
"2630",2630,125.512,"[A/C]"
"2631",2631,125.513,"[A/C]"
"2632",2632,125.73,"[A/C]"
"2633",2633,126.302,"[A/C]"
"2634",2634,126.333,"[A/C]"
"2635",2635,126.359,"[A/C]"
"2636",2636,126.431,"[A/C]"
"2637",2637,126.439,"[A/C]"
"2638",2638,126.687,"[A/C]"
"2639",2639,126.888,"[A/C]"
"2640",2640,126.953,"[A/C]"
"2641",2641,127.101,"[A/C]"
"2642",2642,127.209,"[A/C]"
"2643",2643,127.279,"[A/C]"
"2644",2644,127.391,"[A/C]"
"2645",2645,127.438,"[A/C]"
"2646",2646,127.459,"[A/C]"
"2647",2647,127.495,"[A/C]"
"2648",2648,127.705,"[A/C]"
"2649",2649,127.847,"[A/C]"
"2650",2650,127.941,"[A/C]"
"2651",2651,128.198,"[A/C]"
"2652",2652,128.336,"[A/C]"
"2653",2653,128.449,"[A/C]"
"2654",2654,128.558,"[A/C]"
"2655",2655,128.693,"[A/C]"
"2656",2656,128.694,"[A/C]"
"2657",2657,128.761,"[A/C]"
"2658",2658,129.137,"[A/C]"
"2659",2659,129.314,"[A/C]"
"2660",2660,129.523,"[A/C]"
"2661",2661,129.697,"[A/C]"
"2662",2662,129.949,"[A/C]"
"2663",2663,129.993,"[A/C]"
"2664",2664,130.419,"[A/C]"
"2665",2665,130.591,"[A/C]"
"2666",2666,130.678,"[A/C]"
"2667",2667,130.762,"[A/C]"
"2668",2668,130.818,"[A/C]"
"2669",2669,130.837,"[A/C]"
"2670",2670,130.848,"[A/C]"
"2671",2671,130.969,"[A/C]"
"2672",2672,131.144,"[A/C]"
"2673",2673,131.618,"[A/C]"
"2674",2674,131.626,"[A/C]"
"2675",2675,131.905,"[A/C]"
"2676",2676,132.304,"[A/C]"
"2677",2677,132.355,"[A/C]"
"2678",2678,132.411,"[A/C]"
"2679",2679,132.522,"[A/C]"
"2680",2680,132.65,"[A/C]"
"2681",2681,132.814,"[A/C]"
"2682",2682,132.842,"[A/C]"
"2683",2683,133.153,"[A/C]"
"2684",2684,133.305,"[A/C]"
"2685",2685,133.317,"[A/C]"
"2686",2686,133.318,"[A/C]"
"2687",2687,133.326,"[A/C]"
"2688",2688,133.412,"[A/C]"
"2689",2689,133.428,"[A/C]"
"2690",2690,133.51,"[A/C]"
"2691",2691,133.596,"[A/C]"
"2692",2692,133.606,"[A/C]"
"2693",2693,133.674,"[A/C]"
"2694",2694,133.941,"[A/C]"
"2695",2695,134.168,"[A/C]"
"2696",2696,134.26,"[A/C]"
"2697",2697,134.283,"[A/C]"
"2698",2698,134.33,"[A/C]"
"2699",2699,134.361,"[A/C]"
"2700",2700,134.416,"[A/C]"
"2701",2701,134.643,"[A/C]"
"2702",2702,134.658,"[A/C]"
"2703",2703,134.683,"[A/C]"
"2704",2704,134.74,"[A/C]"
"2705",2705,134.974,"[A/C]"
"2706",2706,135,"[A/C]"
"2707",2707,135.128,"[A/C]"
"2708",2708,135.43,"[A/C]"
"2709",2709,135.502,"[A/C]"
"2710",2710,135.55,"[A/C]"
"2711",2711,135.551,"[A/C]"
"2712",2712,135.617,"[A/C]"
"2713",2713,135.725,"[A/C]"
"2714",2714,135.738,"[A/C]"
"2715",2715,135.759,"[A/C]"
"2716",2716,135.764,"[A/C]"
"2717",2717,135.823,"[A/C]"
"2718",2718,135.955,"[A/C]"
"2719",2719,135.985,"[A/C]"
"2720",2720,136.022,"[A/C]"
"2721",2721,136.101,"[A/C]"
"2722",2722,136.229,"[A/C]"
"2723",2723,136.394,"[A/C]"
"2724",2724,136.642,"[A/C]"
"2725",2725,137.079,"[A/C]"
"2726",2726,137.156,"[A/C]"
"2727",2727,137.293,"[A/C]"
"2728",2728,137.454,"[A/C]"
"2729",2729,137.586,"[A/C]"
"2730",2730,137.745,"[A/C]"
"2731",2731,137.777,"[A/C]"
"2732",2732,137.822,"[A/C]"
"2733",2733,137.883,"[A/C]"
"2734",2734,137.933,"[A/C]"
"2735",2735,137.963,"[A/C]"
"2736",2736,138.103,"[A/C]"
"2737",2737,138.324,"[A/C]"
"2738",2738,138.384,"[A/C]"
"2739",2739,138.472,"[A/C]"
"2740",2740,138.723,"[A/C]"
"2741",2741,138.746,"[A/C]"
"2742",2742,138.838,"[A/C]"
"2743",2743,138.885,"[A/C]"
"2744",2744,138.918,"[A/C]"
"2745",2745,138.933,"[A/C]"
"2746",2746,139.036,"[A/C]"
"2747",2747,139.336,"[A/C]"
"2748",2748,139.368,"[A/C]"
"2749",2749,139.399,"[A/C]"
"2750",2750,139.489,"[A/C]"
"2751",2751,140.436,"[A/C]"
"2752",2752,140.709,"[A/C]"
"2753",2753,141.029,"[A/C]"
"2754",2754,141.103,"[A/C]"
"2755",2755,141.117,"[A/C]"
"2756",2756,141.172,"[A/C]"
"2757",2757,141.251,"[A/C]"
"2758",2758,141.307,"[A/C]"
"2759",2759,141.309,"[A/C]"
"2760",2760,141.395,"[A/C]"
"2761",2761,141.432,"[A/C]"
"2762",2762,141.838,"[A/C]"
"2763",2763,141.873,"[A/C]"
"2764",2764,142.039,"[A/C]"
"2765",2765,142.07,"[A/C]"
"2766",2766,142.078,"[A/C]"
"2767",2767,142.113,"[A/C]"
"2768",2768,142.146,"[A/C]"
"2769",2769,142.326,"[A/C]"
"2770",2770,142.415,"[A/C]"
"2771",2771,142.485,"[A/C]"
"2772",2772,142.626,"[A/C]"
"2773",2773,142.636,"[A/C]"
"2774",2774,142.99,"[A/C]"
"2775",2775,143.125,"[A/C]"
"2776",2776,143.208,"[A/C]"
"2777",2777,143.354,"[A/C]"
"2778",2778,143.454,"[A/C]"
"2779",2779,143.514,"[A/C]"
"2780",2780,143.59,"[A/C]"
"2781",2781,143.614,"[A/C]"
"2782",2782,143.676,"[A/C]"
"2783",2783,143.82,"[A/C]"
"2784",2784,143.881,"[A/C]"
"2785",2785,143.94,"[A/C]"
"2786",2786,143.963,"[A/C]"
"2787",2787,144.277,"[A/C]"
"2788",2788,144.569,"[A/C]"
"2789",2789,145.282,"[A/C]"
"2790",2790,145.566,"[A/C]"
"2791",2791,145.6,"[A/C]"
"2792",2792,145.706,"[A/C]"
"2793",2793,145.707,"[A/C]"
"2794",2794,145.939,"[A/C]"
"2795",2795,146.04,"[A/C]"
"2796",2796,146.168,"[A/C]"
"2797",2797,146.236,"[A/C]"
"2798",2798,146.287,"[A/C]"
"2799",2799,146.323,"[A/C]"
"2800",2800,146.536,"[A/C]"
"2801",2801,146.748,"[A/C]"
"2802",2802,146.919,"[A/C]"
"2803",2803,147.021,"[A/C]"
"2804",2804,147.125,"[A/C]"
"2805",2805,147.198,"[A/C]"
"2806",2806,147.207,"[A/C]"
"2807",2807,147.554,"[A/C]"
"2808",2808,147.713,"[A/C]"
"2809",2809,147.847,"[A/C]"
"2810",2810,147.904,"[A/C]"
"2811",2811,147.953,"[A/C]"
"2812",2812,147.968,"[A/C]"
"2813",2813,148.191,"[A/C]"
"2814",2814,148.48,"[A/C]"
"2815",2815,148.593,"[A/C]"
"2816",2816,148.598,"[A/C]"
"2817",2817,148.604,"[A/C]"
"2818",2818,148.85,"[A/C]"
"2819",2819,148.852,"[A/C]"
"2820",2820,148.99,"[A/C]"
"2821",2821,149.1,"[A/C]"
"2822",2822,149.197,"[A/C]"
"2823",2823,149.198,"[A/C]"
"2824",2824,149.29,"[A/C]"
"2825",2825,149.352,"[A/C]"
"2826",2826,149.404,"[A/C]"
"2827",2827,149.588,"[A/C]"
"2828",2828,149.74,"[A/C]"
"2829",2829,150.078,"[A/C]"
"2830",2830,150.351,"[A/C]"
"2831",2831,150.39,"[A/C]"
"2832",2832,150.441,"[A/C]"
"2833",2833,150.706,"[A/C]"
"2834",2834,150.83,"[A/C]"
"2835",2835,151.331,"[A/C]"
"2836",2836,151.434,"[A/C]"
"2837",2837,151.643,"[A/C]"
"2838",2838,151.65,"[A/C]"
"2839",2839,151.747,"[A/C]"
"2840",2840,151.765,"[A/C]"
"2841",2841,151.854,"[A/C]"
"2842",2842,151.888,"[A/C]"
"2843",2843,151.932,"[A/C]"
"2844",2844,151.964,"[A/C]"
"2845",2845,152.025,"[A/C]"
"2846",2846,152.307,"[A/C]"
"2847",2847,152.384,"[A/C]"
"2848",2848,152.427,"[A/C]"
"2849",2849,152.741,"[A/C]"
"2850",2850,153.133,"[A/C]"
"2851",2851,153.343,"[A/C]"
"2852",2852,153.45,"[A/C]"
"2853",2853,153.572,"[A/C]"
"2854",2854,153.748,"[A/C]"
"2855",2855,153.753,"[A/C]"
"2856",2856,154.003,"[A/C]"
"2857",2857,154.108,"[A/C]"
"2858",2858,154.135,"[A/C]"
"2859",2859,154.139,"[A/C]"
"2860",2860,154.338,"[A/C]"
"2861",2861,154.396,"[A/C]"
"2862",2862,154.612,"[A/C]"
"2863",2863,154.675,"[A/C]"
"2864",2864,154.887,"[A/C]"
"2865",2865,154.985,"[A/C]"
"2866",2866,155.124,"[A/C]"
"2867",2867,155.227,"[A/C]"
"2868",2868,155.632,"[A/C]"
"2869",2869,155.814,"[A/C]"
"2870",2870,155.91,"[A/C]"
"2871",2871,156.262,"[A/C]"
"2872",2872,157.103,"[A/C]"
"2873",2873,157.332,"[A/C]"
"2874",2874,157.355,"[A/C]"
"2875",2875,157.453,"[A/C]"
"2876",2876,157.754,"[A/C]"
"2877",2877,158.44,"[A/C]"
"2878",2878,158.578,"[A/C]"
"2879",2879,158.616,"[A/C]"
"2880",2880,158.737,"[A/C]"
"2881",2881,158.851,"[A/C]"
"2882",2882,158.932,"[A/C]"
"2883",2883,158.944,"[A/C]"
"2884",2884,158.966,"[A/C]"
"2885",2885,159,"[A/C]"
"2886",2886,159.041,"[A/C]"
"2887",2887,159.433,"[A/C]"
"2888",2888,159.67,"[A/C]"
"2889",2889,159.671,"[A/C]"
"2890",2890,159.684,"[A/C]"
"2891",2891,159.891,"[A/C]"
"2892",2892,160.092,"[A/C]"
"2893",2893,160.463,"[A/C]"
"2894",2894,160.622,"[A/C]"
"2895",2895,160.931,"[A/C]"
"2896",2896,161.061,"[A/C]"
"2897",2897,161.099,"[A/C]"
"2898",2898,161.378,"[A/C]"
"2899",2899,161.757,"[A/C]"
"2900",2900,161.917,"[A/C]"
"2901",2901,162.018,"[A/C]"
"2902",2902,162.188,"[A/C]"
"2903",2903,162.231,"[A/C]"
"2904",2904,162.398,"[A/C]"
"2905",2905,162.458,"[A/C]"
"2906",2906,162.579,"[A/C]"
"2907",2907,163.566,"[A/C]"
"2908",2908,163.766,"[A/C]"
"2909",2909,163.825,"[A/C]"
"2910",2910,164.119,"[A/C]"
"2911",2911,164.358,"[A/C]"
"2912",2912,164.899,"[A/C]"
"2913",2913,164.983,"[A/C]"
"2914",2914,165.119,"[A/C]"
"2915",2915,165.35,"[A/C]"
"2916",2916,165.405,"[A/C]"
"2917",2917,165.967,"[A/C]"
"2918",2918,166.304,"[A/C]"
"2919",2919,166.393,"[A/C]"
"2920",2920,166.437,"[A/C]"
"2921",2921,166.462,"[A/C]"
"2922",2922,167.308,"[A/C]"
"2923",2923,167.413,"[A/C]"
"2924",2924,167.425,"[A/C]"
"2925",2925,167.533,"[A/C]"
"2926",2926,167.816,"[A/C]"
"2927",2927,167.829,"[A/C]"
"2928",2928,168.043,"[A/C]"
"2929",2929,168.453,"[A/C]"
"2930",2930,168.66,"[A/C]"
"2931",2931,168.772,"[A/C]"
"2932",2932,168.803,"[A/C]"
"2933",2933,169.057,"[A/C]"
"2934",2934,169.213,"[A/C]"
"2935",2935,169.313,"[A/C]"
"2936",2936,169.323,"[A/C]"
"2937",2937,169.626,"[A/C]"
"2938",2938,169.758,"[A/C]"
"2939",2939,169.909,"[A/C]"
"2940",2940,169.954,"[A/C]"
"2941",2941,169.994,"[A/C]"
"2942",2942,170,"[A/C]"
"2943",2943,170.127,"[A/C]"
"2944",2944,170.201,"[A/C]"
"2945",2945,170.309,"[A/C]"
"2946",2946,170.363,"[A/C]"
"2947",2947,170.367,"[A/C]"
"2948",2948,170.438,"[A/C]"
"2949",2949,170.463,"[A/C]"
"2950",2950,170.797,"[A/C]"
"2951",2951,171.036,"[A/C]"
"2952",2952,171.312,"[A/C]"
"2953",2953,171.323,"[A/C]"
"2954",2954,171.373,"[A/C]"
"2955",2955,171.606,"[A/C]"
"2956",2956,171.695,"[A/C]"
"2957",2957,172.461,"[A/C]"
"2958",2958,172.796,"[A/C]"
"2959",2959,172.862,"[A/C]"
"2960",2960,172.892,"[A/C]"
"2961",2961,172.99,"[A/C]"
"2962",2962,173.321,"[A/C]"
"2963",2963,173.529,"[A/C]"
"2964",2964,173.819,"[A/C]"
"2965",2965,173.871,"[A/C]"
"2966",2966,173.904,"[A/C]"
"2967",2967,174.045,"[A/C]"
"2968",2968,174.229,"[A/C]"
"2969",2969,174.406,"[A/C]"
"2970",2970,174.448,"[A/C]"
"2971",2971,174.533,"[A/C]"
"2972",2972,174.627,"[A/C]"
"2973",2973,174.65,"[A/C]"
"2974",2974,174.737,"[A/C]"
"2975",2975,174.957,"[A/C]"
"2976",2976,175.119,"[A/C]"
"2977",2977,175.172,"[A/C]"
"2978",2978,175.37,"[A/C]"
"2979",2979,175.582,"[A/C]"
"2980",2980,175.712,"[A/C]"
"2981",2981,175.798,"[A/C]"
"2982",2982,175.831,"[A/C]"
"2983",2983,176.198,"[A/C]"
"2984",2984,176.241,"[A/C]"
"2985",2985,176.487,"[A/C]"
"2986",2986,176.505,"[A/C]"
"2987",2987,176.985,"[A/C]"
"2988",2988,177.1,"[A/C]"
"2989",2989,177.138,"[A/C]"
"2990",2990,177.185,"[A/C]"
"2991",2991,177.248,"[A/C]"
"2992",2992,177.308,"[A/C]"
"2993",2993,177.818,"[A/C]"
"2994",2994,177.93,"[A/C]"
"2995",2995,178.258,"[A/C]"
"2996",2996,178.409,"[A/C]"
"2997",2997,178.482,"[A/C]"
"2998",2998,178.537,"[A/C]"
"2999",2999,178.6,"[A/C]"
"3000",3000,178.718,"[A/C]"
"3001",3001,178.849,"[A/C]"
"3002",3002,178.889,"[A/C]"
"3003",3003,178.942,"[A/C]"
"3004",3004,179.49,"[A/C]"
"3005",3005,179.876,"[A/C]"
"3006",3006,179.893,"[A/C]"
"3007",3007,179.998,"[A/C]"
"3008",3008,180.008,"[A/C]"
"3009",3009,180.039,"[A/C]"
"3010",3010,180.388,"[A/C]"
"3011",3011,180.429,"[A/C]"
"3012",3012,180.818,"[A/C]"
"3013",3013,181.096,"[A/C]"
"3014",3014,181.55,"[A/C]"
"3015",3015,181.926,"[A/C]"
"3016",3016,182.228,"[A/C]"
"3017",3017,182.451,"[A/C]"
"3018",3018,182.576,"[A/C]"
"3019",3019,182.691,"[A/C]"
"3020",3020,182.931,"[A/C]"
"3021",3021,183.339,"[A/C]"
"3022",3022,183.469,"[A/C]"
"3023",3023,183.583,"[A/C]"
"3024",3024,183.787,"[A/C]"
"3025",3025,184.086,"[A/C]"
"3026",3026,184.091,"[A/C]"
"3027",3027,184.253,"[A/C]"
"3028",3028,184.546,"[A/C]"
"3029",3029,185.198,"[A/C]"
"3030",3030,185.244,"[A/C]"
"3031",3031,185.398,"[A/C]"
"3032",3032,185.448,"[A/C]"
"3033",3033,185.558,"[A/C]"
"3034",3034,185.602,"[A/C]"
"3035",3035,185.939,"[A/C]"
"3036",3036,186.144,"[A/C]"
"3037",3037,186.668,"[A/C]"
"3038",3038,186.755,"[A/C]"
"3039",3039,187.113,"[A/C]"
"3040",3040,187.232,"[A/C]"
"3041",3041,187.252,"[A/C]"
"3042",3042,187.359,"[A/C]"
"3043",3043,187.407,"[A/C]"
"3044",3044,187.81,"[A/C]"
"3045",3045,187.824,"[A/C]"
"3046",3046,188.12,"[A/C]"
"3047",3047,188.144,"[A/C]"
"3048",3048,188.164,"[A/C]"
"3049",3049,188.256,"[A/C]"
"3050",3050,188.59,"[A/C]"
"3051",3051,189.2,"[A/C]"
"3052",3052,189.211,"[A/C]"
"3053",3053,189.593,"[A/C]"
"3054",3054,189.61,"[A/C]"
"3055",3055,189.804,"[A/C]"
"3056",3056,190.545,"[A/C]"
"3057",3057,190.955,"[A/C]"
"3058",3058,190.958,"[A/C]"
"3059",3059,191.092,"[A/C]"
"3060",3060,192.046,"[A/C]"
"3061",3061,192.418,"[A/C]"
"3062",3062,192.467,"[A/C]"
"3063",3063,192.546,"[A/C]"
"3064",3064,192.819,"[A/C]"
"3065",3065,193.018,"[A/C]"
"3066",3066,193.228,"[A/C]"
"3067",3067,193.256,"[A/C]"
"3068",3068,193.328,"[A/C]"
"3069",3069,193.638,"[A/C]"
"3070",3070,193.728,"[A/C]"
"3071",3071,193.847,"[A/C]"
"3072",3072,193.931,"[A/C]"
"3073",3073,193.984,"[A/C]"
"3074",3074,194.133,"[A/C]"
"3075",3075,194.187,"[A/C]"
"3076",3076,195.112,"[A/C]"
"3077",3077,195.932,"[A/C]"
"3078",3078,196.203,"[A/C]"
"3079",3079,196.673,"[A/C]"
"3080",3080,196.966,"[A/C]"
"3081",3081,197.333,"[A/C]"
"3082",3082,197.581,"[A/C]"
"3083",3083,197.756,"[A/C]"
"3084",3084,198.319,"[A/C]"
"3085",3085,198.345,"[A/C]"
"3086",3086,198.429,"[A/C]"
"3087",3087,198.672,"[A/C]"
"3088",3088,198.765,"[A/C]"
"3089",3089,198.92,"[A/C]"
"3090",3090,198.991,"[A/C]"
"3091",3091,199.376,"[A/C]"
"3092",3092,199.415,"[A/C]"
"3093",3093,199.453,"[A/C]"
"3094",3094,199.462,"[A/C]"
"3095",3095,199.623,"[A/C]"
"3096",3096,199.766,"[A/C]"
"3097",3097,199.835,"[A/C]"
"3098",3098,199.942,"[A/C]"
"3099",3099,200.043,"[A/C]"
"3100",3100,200.442,"[A/C]"
"3101",3101,200.61,"[A/C]"
"3102",3102,201.446,"[A/C]"
"3103",3103,201.793,"[A/C]"
"3104",3104,201.973,"[A/C]"
"3105",3105,202.919,"[A/C]"
"3106",3106,203.274,"[A/C]"
"3107",3107,203.383,"[A/C]"
"3108",3108,203.398,"[A/C]"
"3109",3109,203.566,"[A/C]"
"3110",3110,203.794,"[A/C]"
"3111",3111,203.837,"[A/C]"
"3112",3112,204.11,"[A/C]"
"3113",3113,204.235,"[A/C]"
"3114",3114,204.349,"[A/C]"
"3115",3115,204.492,"[A/C]"
"3116",3116,204.712,"[A/C]"
"3117",3117,204.832,"[A/C]"
"3118",3118,205.437,"[A/C]"
"3119",3119,205.737,"[A/C]"
"3120",3120,205.752,"[A/C]"
"3121",3121,205.913,"[A/C]"
"3122",3122,206.33,"[A/C]"
"3123",3123,206.565,"[A/C]"
"3124",3124,206.785,"[A/C]"
"3125",3125,206.792,"[A/C]"
"3126",3126,206.997,"[A/C]"
"3127",3127,207.266,"[A/C]"
"3128",3128,207.997,"[A/C]"
"3129",3129,208.821,"[A/C]"
"3130",3130,210.054,"[A/C]"
"3131",3131,210.057,"[A/C]"
"3132",3132,210.095,"[A/C]"
"3133",3133,210.355,"[A/C]"
"3134",3134,210.434,"[A/C]"
"3135",3135,210.566,"[A/C]"
"3136",3136,210.795,"[A/C]"
"3137",3137,211.346,"[A/C]"
"3138",3138,211.455,"[A/C]"
"3139",3139,212.015,"[A/C]"
"3140",3140,212.351,"[A/C]"
"3141",3141,212.477,"[A/C]"
"3142",3142,212.493,"[A/C]"
"3143",3143,212.628,"[A/C]"
"3144",3144,212.669,"[A/C]"
"3145",3145,212.836,"[A/C]"
"3146",3146,212.932,"[A/C]"
"3147",3147,212.943,"[A/C]"
"3148",3148,213.144,"[A/C]"
"3149",3149,213.393,"[A/C]"
"3150",3150,214.338,"[A/C]"
"3151",3151,214.902,"[A/C]"
"3152",3152,215.057,"[A/C]"
"3153",3153,215.09,"[A/C]"
"3154",3154,215.177,"[A/C]"
"3155",3155,215.631,"[A/C]"
"3156",3156,215.674,"[A/C]"
"3157",3157,216.312,"[A/C]"
"3158",3158,216.586,"[A/C]"
"3159",3159,216.635,"[A/C]"
"3160",3160,216.659,"[A/C]"
"3161",3161,216.974,"[A/C]"
"3162",3162,217.226,"[A/C]"
"3163",3163,217.245,"[A/C]"
"3164",3164,217.363,"[A/C]"
"3165",3165,217.901,"[A/C]"
"3166",3166,218.321,"[A/C]"
"3167",3167,218.398,"[A/C]"
"3168",3168,218.41,"[A/C]"
"3169",3169,218.51,"[A/C]"
"3170",3170,218.614,"[A/C]"
"3171",3171,218.638,"[A/C]"
"3172",3172,219.246,"[A/C]"
"3173",3173,219.442,"[A/C]"
"3174",3174,219.679,"[A/C]"
"3175",3175,219.69,"[A/C]"
"3176",3176,220.025,"[A/C]"
"3177",3177,220.34,"[A/C]"
"3178",3178,220.549,"[A/C]"
"3179",3179,221.094,"[A/C]"
"3180",3180,221.358,"[A/C]"
"3181",3181,221.388,"[A/C]"
"3182",3182,221.411,"[A/C]"
"3183",3183,221.549,"[A/C]"
"3184",3184,222.118,"[A/C]"
"3185",3185,222.754,"[A/C]"
"3186",3186,223.001,"[A/C]"
"3187",3187,223.132,"[A/C]"
"3188",3188,223.845,"[A/C]"
"3189",3189,223.904,"[A/C]"
"3190",3190,223.935,"[A/C]"
"3191",3191,223.974,"[A/C]"
"3192",3192,224.16,"[A/C]"
"3193",3193,224.424,"[A/C]"
"3194",3194,224.787,"[A/C]"
"3195",3195,225.01,"[A/C]"
"3196",3196,225.09,"[A/C]"
"3197",3197,225.448,"[A/C]"
"3198",3198,225.492,"[A/C]"
"3199",3199,225.795,"[A/C]"
"3200",3200,225.969,"[A/C]"
"3201",3201,226.118,"[A/C]"
"3202",3202,226.303,"[A/C]"
"3203",3203,226.597,"[A/C]"
"3204",3204,226.756,"[A/C]"
"3205",3205,227.519,"[A/C]"
"3206",3206,227.777,"[A/C]"
"3207",3207,227.919,"[A/C]"
"3208",3208,228.076,"[A/C]"
"3209",3209,228.138,"[A/C]"
"3210",3210,228.624,"[A/C]"
"3211",3211,228.738,"[A/C]"
"3212",3212,228.828,"[A/C]"
"3213",3213,229.16,"[A/C]"
"3214",3214,229.29,"[A/C]"
"3215",3215,229.675,"[A/C]"
"3216",3216,229.776,"[A/C]"
"3217",3217,229.781,"[A/C]"
"3218",3218,229.854,"[A/C]"
"3219",3219,229.904,"[A/C]"
"3220",3220,230.49,"[A/C]"
"3221",3221,230.55,"[A/C]"
"3222",3222,230.723,"[A/C]"
"3223",3223,230.914,"[A/C]"
"3224",3224,231.119,"[A/C]"
"3225",3225,232.815,"[A/C]"
"3226",3226,233.599,"[A/C]"
"3227",3227,234.093,"[A/C]"
"3228",3228,234.099,"[A/C]"
"3229",3229,234.845,"[A/C]"
"3230",3230,235.065,"[A/C]"
"3231",3231,235.148,"[A/C]"
"3232",3232,235.216,"[A/C]"
"3233",3233,235.299,"[A/C]"
"3234",3234,235.313,"[A/C]"
"3235",3235,235.389,"[A/C]"
"3236",3236,235.487,"[A/C]"
"3237",3237,235.773,"[A/C]"
"3238",3238,235.844,"[A/C]"
"3239",3239,235.846,"[A/C]"
"3240",3240,236.181,"[A/C]"
"3241",3241,236.204,"[A/C]"
"3242",3242,236.671,"[A/C]"
"3243",3243,236.775,"[A/C]"
"3244",3244,236.871,"[A/C]"
"3245",3245,237.144,"[A/C]"
"3246",3246,238.562,"[A/C]"
"3247",3247,238.835,"[A/C]"
"3248",3248,238.843,"[A/C]"
"3249",3249,238.903,"[A/C]"
"3250",3250,239.137,"[A/C]"
"3251",3251,239.482,"[A/C]"
"3252",3252,239.664,"[A/C]"
"3253",3253,239.756,"[A/C]"
"3254",3254,239.806,"[A/C]"
"3255",3255,240.21,"[A/C]"
"3256",3256,240.53,"[A/C]"
"3257",3257,240.553,"[A/C]"
"3258",3258,240.555,"[A/C]"
"3259",3259,240.603,"[A/C]"
"3260",3260,240.727,"[A/C]"
"3261",3261,240.883,"[A/C]"
"3262",3262,241.329,"[A/C]"
"3263",3263,241.354,"[A/C]"
"3264",3264,241.445,"[A/C]"
"3265",3265,242.23,"[A/C]"
"3266",3266,242.299,"[A/C]"
"3267",3267,243.288,"[A/C]"
"3268",3268,243.297,"[A/C]"
"3269",3269,243.301,"[A/C]"
"3270",3270,243.441,"[A/C]"
"3271",3271,243.467,"[A/C]"
"3272",3272,243.94,"[A/C]"
"3273",3273,244.233,"[A/C]"
"3274",3274,244.315,"[A/C]"
"3275",3275,244.334,"[A/C]"
"3276",3276,244.415,"[A/C]"
"3277",3277,244.512,"[A/C]"
"3278",3278,245.263,"[A/C]"
"3279",3279,245.49,"[A/C]"
"3280",3280,245.75,"[A/C]"
"3281",3281,246.221,"[A/C]"
"3282",3282,246.427,"[A/C]"
"3283",3283,247.72,"[A/C]"
"3284",3284,247.866,"[A/C]"
"3285",3285,247.941,"[A/C]"
"3286",3286,248.038,"[A/C]"
"3287",3287,249.225,"[A/C]"
"3288",3288,249.301,"[A/C]"
"3289",3289,249.792,"[A/C]"
"3290",3290,249.801,"[A/C]"
"3291",3291,249.977,"[A/C]"
"3292",3292,249.989,"[A/C]"
"3293",3293,250.196,"[A/C]"
"3294",3294,250.324,"[A/C]"
"3295",3295,250.947,"[A/C]"
"3296",3296,251.662,"[A/C]"
"3297",3297,251.727,"[A/C]"
"3298",3298,251.756,"[A/C]"
"3299",3299,252.78,"[A/C]"
"3300",3300,253.73,"[A/C]"
"3301",3301,253.985,"[A/C]"
"3302",3302,254.308,"[A/C]"
"3303",3303,254.751,"[A/C]"
"3304",3304,254.757,"[A/C]"
"3305",3305,254.799,"[A/C]"
"3306",3306,255.027,"[A/C]"
"3307",3307,255.106,"[A/C]"
"3308",3308,255.274,"[A/C]"
"3309",3309,255.418,"[A/C]"
"3310",3310,255.699,"[A/C]"
"3311",3311,256.325,"[A/C]"
"3312",3312,256.46,"[A/C]"
"3313",3313,256.674,"[A/C]"
"3314",3314,256.857,"[A/C]"
"3315",3315,256.867,"[A/C]"
"3316",3316,256.921,"[A/C]"
"3317",3317,256.942,"[A/C]"
"3318",3318,257.652,"[A/C]"
"3319",3319,257.773,"[A/C]"
"3320",3320,257.775,"[A/C]"
"3321",3321,257.821,"[A/C]"
"3322",3322,257.901,"[A/C]"
"3323",3323,257.943,"[A/C]"
"3324",3324,258.099,"[A/C]"
"3325",3325,258.454,"[A/C]"
"3326",3326,258.572,"[A/C]"
"3327",3327,259,"[A/C]"
"3328",3328,259.28,"[A/C]"
"3329",3329,259.692,"[A/C]"
"3330",3330,259.849,"[A/C]"
"3331",3331,260.577,"[A/C]"
"3332",3332,260.922,"[A/C]"
"3333",3333,261.037,"[A/C]"
"3334",3334,261.347,"[A/C]"
"3335",3335,261.454,"[A/C]"
"3336",3336,261.481,"[A/C]"
"3337",3337,261.91,"[A/C]"
"3338",3338,262.647,"[A/C]"
"3339",3339,263.43,"[A/C]"
"3340",3340,263.624,"[A/C]"
"3341",3341,263.795,"[A/C]"
"3342",3342,263.947,"[A/C]"
"3343",3343,263.965,"[A/C]"
"3344",3344,264.03,"[A/C]"
"3345",3345,264.184,"[A/C]"
"3346",3346,264.684,"[A/C]"
"3347",3347,264.982,"[A/C]"
"3348",3348,265.033,"[A/C]"
"3349",3349,265.175,"[A/C]"
"3350",3350,266.158,"[A/C]"
"3351",3351,266.402,"[A/C]"
"3352",3352,266.557,"[A/C]"
"3353",3353,267.437,"[A/C]"
"3354",3354,268.178,"[A/C]"
"3355",3355,268.331,"[A/C]"
"3356",3356,268.606,"[A/C]"
"3357",3357,268.607,"[A/C]"
"3358",3358,268.906,"[A/C]"
"3359",3359,269.002,"[A/C]"
"3360",3360,269.526,"[A/C]"
"3361",3361,269.534,"[A/C]"
"3362",3362,269.814,"[A/C]"
"3363",3363,269.89,"[A/C]"
"3364",3364,270.419,"[A/C]"
"3365",3365,270.853,"[A/C]"
"3366",3366,271.117,"[A/C]"
"3367",3367,271.153,"[A/C]"
"3368",3368,271.428,"[A/C]"
"3369",3369,271.52,"[A/C]"
"3370",3370,271.696,"[A/C]"
"3371",3371,271.896,"[A/C]"
"3372",3372,271.961,"[A/C]"
"3373",3373,272.253,"[A/C]"
"3374",3374,272.652,"[A/C]"
"3375",3375,272.881,"[A/C]"
"3376",3376,272.987,"[A/C]"
"3377",3377,274.414,"[A/C]"
"3378",3378,274.939,"[A/C]"
"3379",3379,275.493,"[A/C]"
"3380",3380,275.542,"[A/C]"
"3381",3381,276.056,"[A/C]"
"3382",3382,276.138,"[A/C]"
"3383",3383,276.179,"[A/C]"
"3384",3384,277.308,"[A/C]"
"3385",3385,277.843,"[A/C]"
"3386",3386,277.858,"[A/C]"
"3387",3387,277.975,"[A/C]"
"3388",3388,278.302,"[A/C]"
"3389",3389,278.331,"[A/C]"
"3390",3390,278.665,"[A/C]"
"3391",3391,279.556,"[A/C]"
"3392",3392,280.341,"[A/C]"
"3393",3393,280.672,"[A/C]"
"3394",3394,280.981,"[A/C]"
"3395",3395,281.349,"[A/C]"
"3396",3396,281.43,"[A/C]"
"3397",3397,281.837,"[A/C]"
"3398",3398,281.944,"[A/C]"
"3399",3399,282.206,"[A/C]"
"3400",3400,282.648,"[A/C]"
"3401",3401,282.933,"[A/C]"
"3402",3402,283.027,"[A/C]"
"3403",3403,283.292,"[A/C]"
"3404",3404,283.406,"[A/C]"
"3405",3405,284.34,"[A/C]"
"3406",3406,284.39,"[A/C]"
"3407",3407,285.916,"[A/C]"
"3408",3408,286.665,"[A/C]"
"3409",3409,287.202,"[A/C]"
"3410",3410,287.286,"[A/C]"
"3411",3411,287.396,"[A/C]"
"3412",3412,288.203,"[A/C]"
"3413",3413,288.22,"[A/C]"
"3414",3414,288.679,"[A/C]"
"3415",3415,288.811,"[A/C]"
"3416",3416,288.827,"[A/C]"
"3417",3417,288.95,"[A/C]"
"3418",3418,288.962,"[A/C]"
"3419",3419,289.656,"[A/C]"
"3420",3420,290.124,"[A/C]"
"3421",3421,290.243,"[A/C]"
"3422",3422,291.044,"[A/C]"
"3423",3423,291.059,"[A/C]"
"3424",3424,291.062,"[A/C]"
"3425",3425,291.74,"[A/C]"
"3426",3426,293.065,"[A/C]"
"3427",3427,293.487,"[A/C]"
"3428",3428,293.493,"[A/C]"
"3429",3429,293.705,"[A/C]"
"3430",3430,293.742,"[A/C]"
"3431",3431,293.745,"[A/C]"
"3432",3432,293.965,"[A/C]"
"3433",3433,294.017,"[A/C]"
"3434",3434,294.024,"[A/C]"
"3435",3435,294.789,"[A/C]"
"3436",3436,294.886,"[A/C]"
"3437",3437,295.481,"[A/C]"
"3438",3438,295.659,"[A/C]"
"3439",3439,296.843,"[A/C]"
"3440",3440,297.141,"[A/C]"
"3441",3441,297.222,"[A/C]"
"3442",3442,298.049,"[A/C]"
"3443",3443,298.094,"[A/C]"
"3444",3444,298.221,"[A/C]"
"3445",3445,298.231,"[A/C]"
"3446",3446,300.164,"[A/C]"
"3447",3447,300.193,"[A/C]"
"3448",3448,300.339,"[A/C]"
"3449",3449,301.841,"[A/C]"
"3450",3450,302.163,"[A/C]"
"3451",3451,302.672,"[A/C]"
"3452",3452,303.594,"[A/C]"
"3453",3453,303.653,"[A/C]"
"3454",3454,304.041,"[A/C]"
"3455",3455,304.345,"[A/C]"
"3456",3456,304.691,"[A/C]"
"3457",3457,305.019,"[A/C]"
"3458",3458,305.994,"[A/C]"
"3459",3459,306.341,"[A/C]"
"3460",3460,306.51,"[A/C]"
"3461",3461,306.615,"[A/C]"
"3462",3462,307.126,"[A/C]"
"3463",3463,307.405,"[A/C]"
"3464",3464,307.525,"[A/C]"
"3465",3465,307.84,"[A/C]"
"3466",3466,308.504,"[A/C]"
"3467",3467,309.061,"[A/C]"
"3468",3468,309.062,"[A/C]"
"3469",3469,309.95,"[A/C]"
"3470",3470,310.388,"[A/C]"
"3471",3471,310.632,"[A/C]"
"3472",3472,310.662,"[A/C]"
"3473",3473,310.691,"[A/C]"
"3474",3474,311.02,"[A/C]"
"3475",3475,311.128,"[A/C]"
"3476",3476,311.559,"[A/C]"
"3477",3477,311.835,"[A/C]"
"3478",3478,311.889,"[A/C]"
"3479",3479,312.09,"[A/C]"
"3480",3480,312.925,"[A/C]"
"3481",3481,313.159,"[A/C]"
"3482",3482,313.503,"[A/C]"
"3483",3483,314.18,"[A/C]"
"3484",3484,314.745,"[A/C]"
"3485",3485,316.288,"[A/C]"
"3486",3486,316.435,"[A/C]"
"3487",3487,316.806,"[A/C]"
"3488",3488,316.834,"[A/C]"
"3489",3489,316.997,"[A/C]"
"3490",3490,317.972,"[A/C]"
"3491",3491,317.995,"[A/C]"
"3492",3492,318.773,"[A/C]"
"3493",3493,318.975,"[A/C]"
"3494",3494,319.372,"[A/C]"
"3495",3495,319.474,"[A/C]"
"3496",3496,319.856,"[A/C]"
"3497",3497,320.031,"[A/C]"
"3498",3498,320.974,"[A/C]"
"3499",3499,322.185,"[A/C]"
"3500",3500,322.205,"[A/C]"
"3501",3501,322.821,"[A/C]"
"3502",3502,323.1,"[A/C]"
"3503",3503,323.71,"[A/C]"
"3504",3504,323.894,"[A/C]"
"3505",3505,324.665,"[A/C]"
"3506",3506,325.087,"[A/C]"
"3507",3507,325.463,"[A/C]"
"3508",3508,325.753,"[A/C]"
"3509",3509,326.189,"[A/C]"
"3510",3510,326.508,"[A/C]"
"3511",3511,327.386,"[A/C]"
"3512",3512,327.459,"[A/C]"
"3513",3513,327.625,"[A/C]"
"3514",3514,327.729,"[A/C]"
"3515",3515,327.847,"[A/C]"
"3516",3516,328.071,"[A/C]"
"3517",3517,328.221,"[A/C]"
"3518",3518,330.033,"[A/C]"
"3519",3519,330.25,"[A/C]"
"3520",3520,330.572,"[A/C]"
"3521",3521,330.639,"[A/C]"
"3522",3522,331.271,"[A/C]"
"3523",3523,331.283,"[A/C]"
"3524",3524,331.327,"[A/C]"
"3525",3525,332.031,"[A/C]"
"3526",3526,333,"[A/C]"
"3527",3527,333.803,"[A/C]"
"3528",3528,334.275,"[A/C]"
"3529",3529,334.364,"[A/C]"
"3530",3530,336.994,"[A/C]"
"3531",3531,337.006,"[A/C]"
"3532",3532,337.095,"[A/C]"
"3533",3533,337.232,"[A/C]"
"3534",3534,337.375,"[A/C]"
"3535",3535,337.399,"[A/C]"
"3536",3536,337.424,"[A/C]"
"3537",3537,338.064,"[A/C]"
"3538",3538,338.168,"[A/C]"
"3539",3539,338.296,"[A/C]"
"3540",3540,338.335,"[A/C]"
"3541",3541,338.72,"[A/C]"
"3542",3542,338.903,"[A/C]"
"3543",3543,339.284,"[A/C]"
"3544",3544,339.53,"[A/C]"
"3545",3545,340.49,"[A/C]"
"3546",3546,340.918,"[A/C]"
"3547",3547,341.277,"[A/C]"
